"Timestamp","Solution Area","Joint","Detection","Confidence %","Severity","Encoder Pulses","Temperature °C","Humidity %","Vibration Pulses","Acoustic Pulses","Acoustic Raw","Motor Current A","Remarks","Maintenance Action"
"2026-09-20T20:42:30.603905","AI Vision / Joint Inspection","Joint 1","joint_damage","52.8","WARNING","-3136","28.8","55.8","0","0","0","0","AI abnormality detected: joint damage; Warning condition recorded","Isolate the affected conveyor section when operationally safe and perform targeted joint/belt inspection."
"2026-09-20T19:26:59.604906","AI Vision / Joint Inspection","Joint 1","joint_damage","52.8","WARNING","-3136","28.8","55.8","0","0","0","0","AI abnormality detected: joint damage; Warning condition recorded","Isolate the affected conveyor section when operationally safe and perform targeted joint/belt inspection."
"2026-09-20T19:20:04.623198","AI Vision / Joint Inspection","Joint 1","joint_damage","52.8","WARNING","-3136","28.8","55.8","0","0","0","0","AI abnormality detected: joint damage; Warning condition recorded","Isolate the affected conveyor section when operationally safe and perform targeted joint/belt inspection."
"2026-09-20T19:14:22.225319","AI Vision / Joint Inspection","Joint 1","joint_damage","52.8","WARNING","-3136","28.8","55.8","0","0","0","0","AI abnormality detected: joint damage; Warning condition recorded","Isolate the affected conveyor section when operationally safe and perform targeted joint/belt inspection."
"2026-09-20T18:10:07.528999","AI Vision / Joint Inspection","Joint 1","joint_damage","52.8","WARNING","-3136","28.8","55.8","0","0","0","0","AI abnormality detected: joint damage; Warning condition recorded","Isolate the affected conveyor section when operationally safe and perform targeted joint/belt inspection."
"2026-09-19T00:48:28.520298","AI Vision / Joint Inspection","Joint 1","joint_damage","52.8","WARNING","-3136","28.8","55.8","0","0","0","0","AI abnormality detected: joint damage; Warning condition recorded","Isolate the affected conveyor section when operationally safe and perform targeted joint/belt inspection."
"2026-09-19T00:39:38.992018","AI Vision / Joint Inspection","Joint 1","joint_damage","52.8","WARNING","-3136","28.8","55.8","0","0","0","0","AI abnormality detected: joint damage; Warning condition recorded","Isolate the affected conveyor section when operationally safe and perform targeted joint/belt inspection."
"2026-09-19T00:32:50.189532","AI Vision / Joint Inspection","Joint 1","joint_damage","52.8","WARNING","-3136","28.8","55.8","0","0","0","0","AI abnormality detected: joint damage; Warning condition recorded","Isolate the affected conveyor section when operationally safe and perform targeted joint/belt inspection."
"2026-09-19T00:22:29.431092","AI Vision / Joint Inspection","Joint 1","joint_damage","52.8","WARNING","-3136","28.8","55.8","0","0","0","0","AI abnormality detected: joint damage; Warning condition recorded","Isolate the affected conveyor section when operationally safe and perform targeted joint/belt inspection."
"2026-09-19T00:18:27.909266","AI Vision / Joint Inspection","Joint 1","joint_damage","52.8","WARNING","-3136","28.8","55.8","0","0","0","0","AI abnormality detected: joint damage; Warning condition recorded","Isolate the affected conveyor section when operationally safe and perform targeted joint/belt inspection."
"2026-09-19T00:14:23.331053","AI Vision / Joint Inspection","Joint 1","joint_damage","52.8","WARNING","-3136","28.8","55.8","0","0","0","0","AI abnormality detected: joint damage; Warning condition recorded","Isolate the affected conveyor section when operationally safe and perform targeted joint/belt inspection."
"2026-09-19T00:02:27.405566","AI Vision / Joint Inspection","Joint 1","joint_damage","52.8","WARNING","-3136","28.8","55.8","0","0","0","0","AI abnormality detected: joint damage; Warning condition recorded","Isolate the affected conveyor section when operationally safe and perform targeted joint/belt inspection."
"2026-09-18T23:52:43.328786","AI Vision / Joint Inspection","Joint 1","joint_damage","52.8","WARNING","-3136","28.8","55.8","0","0","0","0","AI abnormality detected: joint damage; Warning condition recorded","Isolate the affected conveyor section when operationally safe and perform targeted joint/belt inspection."
"2026-09-18T23:22:14.493231","AI Vision / Joint Inspection","Joint 1","joint_damage","52.8","WARNING","-3136","28.8","55.8","0","0","0","0","AI abnormality detected: joint damage; Warning condition recorded","Isolate the affected conveyor section when operationally safe and perform targeted joint/belt inspection."
"2026-09-18T23:19:17.986512","AI Vision / Joint Inspection","Joint 1","joint_damage","52.8","WARNING","-3136","28.8","55.8","0","0","0","0","AI abnormality detected: joint damage; Warning condition recorded","Isolate the affected conveyor section when operationally safe and perform targeted joint/belt inspection."
"2026-09-18T23:15:16.948726","AI Vision / Joint Inspection","Joint 1","joint_damage","52.8","WARNING","-3136","28.8","55.8","0","0","0","0","AI abnormality detected: joint damage; Warning condition recorded","Isolate the affected conveyor section when operationally safe and perform targeted joint/belt inspection."
"2026-09-18T22:10:06.581102","AI Vision / Joint Inspection","Joint 1","joint_damage","52.8","WARNING","-3136","28.8","55.8","0","0","0","0","AI abnormality detected: joint damage; Warning condition recorded","Isolate the affected conveyor section when operationally safe and perform targeted joint/belt inspection."
"2026-09-18T22:03:07.582514","AI Vision / Joint Inspection","Joint 1","joint_damage","52.8","WARNING","-3136","28.8","55.8","0","0","0","0","AI abnormality detected: joint damage; Warning condition recorded","Isolate the affected conveyor section when operationally safe and perform targeted joint/belt inspection."
"2026-09-18T21:41:34.406459","AI Vision / Joint Inspection","Joint 1","joint_damage","52.8","WARNING","-3136","28.8","55.8","0","0","0","0","AI abnormality detected: joint damage; Warning condition recorded","Isolate the affected conveyor section when operationally safe and perform targeted joint/belt inspection."
"2026-09-18T21:27:43.708628","AI Vision / Joint Inspection","Joint 1","joint_damage","52.8","WARNING","-3136","28.8","55.8","0","0","0","0","AI abnormality detected: joint damage; Warning condition recorded","Isolate the affected conveyor section when operationally safe and perform targeted joint/belt inspection."
"2026-09-18T21:15:33.153927","AI Vision / Joint Inspection","Joint 1","joint_damage","52.8","WARNING","-3136","28.8","55.8","0","0","0","0","AI abnormality detected: joint damage; Warning condition recorded","Isolate the affected conveyor section when operationally safe and perform targeted joint/belt inspection."
"2026-09-12T11:57:41.843165","AI Vision / Joint Inspection","Joint 1","joint_damage","52.8","WARNING","-3136","28.8","55.8","0","0","0","0","AI abnormality detected: joint damage; Warning condition recorded","Isolate the affected conveyor section when operationally safe and perform targeted joint/belt inspection."
"2026-09-11T20:57:18.835770","AI Vision / Joint Inspection","Joint 1","joint_damage","52.8","WARNING","-3136","28.8","55.8","0","0","0","0","AI abnormality detected: joint damage; Warning condition recorded","Isolate the affected conveyor section when operationally safe and perform targeted joint/belt inspection."
"2026-09-11T10:32:25.689743","AI Vision / Joint Inspection","Joint 1","joint_damage","35.7","NORMAL","-3136","28.8","55.8","0","0","0","0","AI abnormality detected: joint damage","Isolate the affected conveyor section when operationally safe and perform targeted joint/belt inspection."
"2026-09-11T10:32:23.312211","AI Vision / Joint Inspection","Joint 1","joint_damage","26.7","NORMAL","-3136","28.8","55.8","0","0","0","0","AI abnormality detected: joint damage","Isolate the affected conveyor section when operationally safe and perform targeted joint/belt inspection."
"2026-09-10T15:50:45.851406","AI Vision / Joint Inspection","Joint 5","joint_damage","52.8","WARNING","-2082","28.8","56.1","0","0","0","0","AI abnormality detected: joint damage; Warning condition recorded","Isolate the affected conveyor section when operationally safe and perform targeted joint/belt inspection."
"2026-09-10T14:19:28.326448","AI Vision / Joint Inspection","Joint 1","joint_damage","52.8","WARNING","-2082","28.8","56","0","0","0","0","AI abnormality detected: joint damage; Warning condition recorded","Isolate the affected conveyor section when operationally safe and perform targeted joint/belt inspection."
"2026-09-10T14:10:54.162694","AI Vision / Joint Inspection","Joint 1","joint_damage","52.8","WARNING","-2082","28.8","56","0","0","0","0","AI abnormality detected: joint damage; Warning condition recorded","Isolate the affected conveyor section when operationally safe and perform targeted joint/belt inspection."
"2026-09-10T13:55:21.480243","AI Vision / Joint Inspection","Joint 1","joint_damage","40.2","NORMAL","-2082","28.8","56","0","0","0","0","AI abnormality detected: joint damage","Isolate the affected conveyor section when operationally safe and perform targeted joint/belt inspection."
"2026-09-10T13:55:13.543755","AI Vision / Joint Inspection","Joint 1","joint_damage","43.4","NORMAL","-2082","28.8","56","0","0","0","0","AI abnormality detected: joint damage","Isolate the affected conveyor section when operationally safe and perform targeted joint/belt inspection."
"2026-09-10T13:54:03.449912","AI Vision / Joint Inspection","Joint 1","joint_damage","25.9","NORMAL","-2082","28.8","56","0","0","0","0","AI abnormality detected: joint damage","Isolate the affected conveyor section when operationally safe and perform targeted joint/belt inspection."
"2026-09-10T13:52:45.472114","AI Vision / Joint Inspection","Joint 1","joint_damage","40.6","NORMAL","-2082","28.8","56","0","0","0","0","AI abnormality detected: joint damage","Isolate the affected conveyor section when operationally safe and perform targeted joint/belt inspection."
"2026-09-10T13:52:39.578744","AI Vision / Joint Inspection","Joint 1","joint_damage","27.6","NORMAL","-2082","28.8","56","0","0","0","0","AI abnormality detected: joint damage","Isolate the affected conveyor section when operationally safe and perform targeted joint/belt inspection."
"2026-09-10T13:52:30.909594","AI Vision / Joint Inspection","Joint 1","joint_damage","30.3","NORMAL","-2082","28.8","56","0","0","0","0","AI abnormality detected: joint damage","Isolate the affected conveyor section when operationally safe and perform targeted joint/belt inspection."
"2026-09-10T13:52:13.518809","AI Vision / Joint Inspection","Joint 1","joint_damage","44.6","NORMAL","-2082","28.8","56","0","0","0","0","AI abnormality detected: joint damage","Isolate the affected conveyor section when operationally safe and perform targeted joint/belt inspection."
"2026-09-10T13:52:06.414851","AI Vision / Joint Inspection","Joint 1","joint_damage","40.0","NORMAL","-2082","28.8","56","0","0","0","0","AI abnormality detected: joint damage","Isolate the affected conveyor section when operationally safe and perform targeted joint/belt inspection."
"2026-09-10T13:52:03.478810","AI Vision / Joint Inspection","Joint 1","joint_damage","34.1","NORMAL","-2082","28.8","56","0","0","0","0","AI abnormality detected: joint damage","Isolate the affected conveyor section when operationally safe and perform targeted joint/belt inspection."
"2026-09-10T13:52:00.415457","AI Vision / Joint Inspection","Joint 1","joint_damage","37.2","WARNING","-2082","28.8","56","0","0","0","0","AI abnormality detected: joint damage; Warning condition recorded","Isolate the affected conveyor section when operationally safe and perform targeted joint/belt inspection."
"2026-09-10T13:51:57.451273","AI Vision / Joint Inspection","Joint 1","joint_damage","32.1","WARNING","-2082","28.8","56","0","0","0","0","AI abnormality detected: joint damage; Warning condition recorded","Isolate the affected conveyor section when operationally safe and perform targeted joint/belt inspection."
"2026-09-10T13:51:52.528407","AI Vision / Joint Inspection","Joint 1","joint_damage","55.0","WARNING","-2082","28.8","56","0","0","0","0","AI abnormality detected: joint damage; Warning condition recorded","Isolate the affected conveyor section when operationally safe and perform targeted joint/belt inspection."
"2026-09-10T13:51:46.634617","AI Vision / Joint Inspection","Joint 1","joint_damage","28.4","WARNING","-2082","28.8","56","0","0","0","0","AI abnormality detected: joint damage; Warning condition recorded","Isolate the affected conveyor section when operationally safe and perform targeted joint/belt inspection."
"2026-09-10T13:51:29.997798","AI Vision / Joint Inspection","Joint 1","joint_damage","74.3","WARNING","-2082","28.8","56","0","0","0","0","AI abnormality detected: joint damage; Warning condition recorded","Isolate the affected conveyor section when operationally safe and perform targeted joint/belt inspection."
"2026-09-10T13:51:13.986795","AI Vision / Joint Inspection","Joint 1","joint_damage","81.3","WARNING","-2082","28.8","56","0","0","0","0","AI abnormality detected: joint damage; Warning condition recorded","Isolate the affected conveyor section when operationally safe and perform targeted joint/belt inspection."
"2026-09-10T13:51:05.595955","AI Vision / Joint Inspection","Joint 1","joint_damage","33.7","WARNING","-2082","28.8","56","0","0","0","0","AI abnormality detected: joint damage; Warning condition recorded","Isolate the affected conveyor section when operationally safe and perform targeted joint/belt inspection."
"2026-09-10T13:30:05.032174","AI Vision / Joint Inspection","Joint 1","joint_damage","26.8","NORMAL","-2082","28.8","56","0","0","0","0","AI abnormality detected: joint damage","Isolate the affected conveyor section when operationally safe and perform targeted joint/belt inspection."
"2026-09-10T13:29:37.994430","AI Vision / Joint Inspection","Joint 1","joint_damage","39.2","NORMAL","-2082","28.8","56","0","0","0","0","AI abnormality detected: joint damage","Isolate the affected conveyor section when operationally safe and perform targeted joint/belt inspection."
"2026-09-10T13:29:11.990892","AI Vision / Joint Inspection","Joint 1","joint_damage","83.4","WARNING","-2082","28.8","56","0","0","0","0","AI abnormality detected: joint damage; Warning condition recorded","Isolate the affected conveyor section when operationally safe and perform targeted joint/belt inspection."
"2026-09-10T13:29:10.986589","AI Vision / Joint Inspection","Joint 1","joint_damage","53.0","WARNING","-2082","28.8","56","0","0","0","0","AI abnormality detected: joint damage; Warning condition recorded","Isolate the affected conveyor section when operationally safe and perform targeted joint/belt inspection."
"2026-09-10T13:29:04.995436","AI Vision / Joint Inspection","Joint 1","joint_damage","34.0","WARNING","-2082","28.8","56","0","0","0","0","AI abnormality detected: joint damage; Warning condition recorded","Isolate the affected conveyor section when operationally safe and perform targeted joint/belt inspection."
"2026-09-10T13:29:03.989566","AI Vision / Joint Inspection","Joint 1","joint_damage","38.6","WARNING","-2082","28.8","56","0","0","0","0","AI abnormality detected: joint damage; Warning condition recorded","Isolate the affected conveyor section when operationally safe and perform targeted joint/belt inspection."
"2026-09-10T13:28:37.974524","AI Vision / Joint Inspection","Joint 1","joint_damage","70.3","WARNING","-2082","28.8","56","0","0","0","0","AI abnormality detected: joint damage; Warning condition recorded","Isolate the affected conveyor section when operationally safe and perform targeted joint/belt inspection."
"2026-09-10T13:28:36.977968","AI Vision / Joint Inspection","Joint 1","joint_damage","28.3","WARNING","-2082","28.8","56","0","0","0","0","AI abnormality detected: joint damage; Warning condition recorded","Isolate the affected conveyor section when operationally safe and perform targeted joint/belt inspection."
"2026-09-10T13:28:35.976158","AI Vision / Joint Inspection","Joint 1","joint_damage","42.4","WARNING","-2082","28.8","56","0","0","0","0","AI abnormality detected: joint damage; Warning condition recorded","Isolate the affected conveyor section when operationally safe and perform targeted joint/belt inspection."
"2026-09-10T13:28:34.982197","AI Vision / Joint Inspection","Joint 1","joint_damage","46.0","WARNING","-2082","28.8","56","0","0","0","0","AI abnormality detected: joint damage; Warning condition recorded","Isolate the affected conveyor section when operationally safe and perform targeted joint/belt inspection."
"2026-09-10T13:28:25.981613","AI Vision / Joint Inspection","Joint 1","joint_damage","45.6","NORMAL","-2082","28.8","56","0","0","0","0","AI abnormality detected: joint damage","Isolate the affected conveyor section when operationally safe and perform targeted joint/belt inspection."
"2026-09-10T13:28:04.991810","AI Vision / Joint Inspection","Joint 1","joint_damage","37.3","NORMAL","-2082","28.8","56","0","0","0","0","AI abnormality detected: joint damage","Isolate the affected conveyor section when operationally safe and perform targeted joint/belt inspection."
"2026-09-10T13:28:01.972179","AI Vision / Joint Inspection","Joint 1","joint_damage","27.8","NORMAL","-2082","28.8","56","0","0","0","0","AI abnormality detected: joint damage","Isolate the affected conveyor section when operationally safe and perform targeted joint/belt inspection."
"2026-09-10T13:28:00.136421","AI Vision / Joint Inspection","Joint 1","joint_damage","49.3","NORMAL","-2082","28.8","56","0","0","0","0","AI abnormality detected: joint damage","Isolate the affected conveyor section when operationally safe and perform targeted joint/belt inspection."
"2026-09-10T13:27:59.973245","AI Vision / Joint Inspection","Joint 1","joint_damage","45.8","NORMAL","-2082","28.8","56","0","0","0","0","AI abnormality detected: joint damage","Isolate the affected conveyor section when operationally safe and perform targeted joint/belt inspection."
"2026-09-10T13:27:58.133528","AI Vision / Joint Inspection","Joint 1","joint_damage","49.8","NORMAL","-2082","28.8","56","0","0","0","0","AI abnormality detected: joint damage","Isolate the affected conveyor section when operationally safe and perform targeted joint/belt inspection."
"2026-09-10T13:27:56.985209","AI Vision / Joint Inspection","Joint 1","joint_damage","43.3","NORMAL","-2082","28.8","56","0","0","0","0","AI abnormality detected: joint damage","Isolate the affected conveyor section when operationally safe and perform targeted joint/belt inspection."
"2026-09-10T13:27:54.990342","AI Vision / Joint Inspection","Joint 1","joint_damage","40.4","NORMAL","-2082","28.8","56","0","0","0","0","AI abnormality detected: joint damage","Isolate the affected conveyor section when operationally safe and perform targeted joint/belt inspection."
"2026-09-10T13:27:53.974580","AI Vision / Joint Inspection","Joint 1","joint_damage","39.4","WARNING","-2082","28.8","56","0","0","0","0","AI abnormality detected: joint damage; Warning condition recorded","Isolate the affected conveyor section when operationally safe and perform targeted joint/belt inspection."
"2026-09-10T13:27:50.980034","AI Vision / Joint Inspection","Joint 1","joint_damage","36.2","WARNING","-2082","28.8","56","0","0","0","0","AI abnormality detected: joint damage; Warning condition recorded","Isolate the affected conveyor section when operationally safe and perform targeted joint/belt inspection."
"2026-09-10T13:27:48.981060","AI Vision / Joint Inspection","Joint 1","joint_damage","40.7","WARNING","-2082","28.8","56","0","0","0","0","AI abnormality detected: joint damage; Warning condition recorded","Isolate the affected conveyor section when operationally safe and perform targeted joint/belt inspection."
"2026-09-10T13:27:43.976190","AI Vision / Joint Inspection","Joint 1","joint_damage","51.6","WARNING","-2082","28.8","56","0","0","0","0","AI abnormality detected: joint damage; Warning condition recorded","Isolate the affected conveyor section when operationally safe and perform targeted joint/belt inspection."
"2026-09-10T13:27:42.993913","AI Vision / Joint Inspection","Joint 1","joint_damage","35.5","WARNING","-2082","28.8","56","0","0","0","0","AI abnormality detected: joint damage; Warning condition recorded","Isolate the affected conveyor section when operationally safe and perform targeted joint/belt inspection."
"2026-09-10T13:27:30.010742","AI Vision / Joint Inspection","Joint 1","joint_damage","55.1","WARNING","-2082","28.8","56","0","0","0","0","AI abnormality detected: joint damage; Warning condition recorded","Isolate the affected conveyor section when operationally safe and perform targeted joint/belt inspection."
"2026-09-10T13:27:28.979326","AI Vision / Joint Inspection","Joint 1","joint_damage","50.3","WARNING","-2082","28.8","56","0","0","0","0","AI abnormality detected: joint damage; Warning condition recorded","Isolate the affected conveyor section when operationally safe and perform targeted joint/belt inspection."
"2026-09-10T13:27:27.986485","AI Vision / Joint Inspection","Joint 1","joint_damage","47.9","WARNING","-2082","28.8","56","0","0","0","0","AI abnormality detected: joint damage; Warning condition recorded","Isolate the affected conveyor section when operationally safe and perform targeted joint/belt inspection."
"2026-09-10T13:27:26.990346","AI Vision / Joint Inspection","Joint 1","joint_damage","51.0","WARNING","-2082","28.8","56","0","0","0","0","AI abnormality detected: joint damage; Warning condition recorded","Isolate the affected conveyor section when operationally safe and perform targeted joint/belt inspection."
"2026-09-10T13:27:25.991447","AI Vision / Joint Inspection","Joint 1","joint_damage","60.3","WARNING","-2082","28.8","56","0","0","0","0","AI abnormality detected: joint damage; Warning condition recorded","Isolate the affected conveyor section when operationally safe and perform targeted joint/belt inspection."
"2026-09-10T13:27:24.979019","AI Vision / Joint Inspection","Joint 1","joint_damage","70.3","WARNING","-2082","28.8","56","0","0","0","0","AI abnormality detected: joint damage; Warning condition recorded","Isolate the affected conveyor section when operationally safe and perform targeted joint/belt inspection."
"2026-09-10T13:27:22.992001","AI Vision / Joint Inspection","Joint 1","joint_damage","78.8","WARNING","-2082","28.8","56","0","0","0","0","AI abnormality detected: joint damage; Warning condition recorded","Isolate the affected conveyor section when operationally safe and perform targeted joint/belt inspection."
"2026-09-10T13:27:21.990579","AI Vision / Joint Inspection","Joint 1","joint_damage","67.4","WARNING","-2082","28.8","56","0","0","0","0","AI abnormality detected: joint damage; Warning condition recorded","Isolate the affected conveyor section when operationally safe and perform targeted joint/belt inspection."
"2026-09-10T13:27:20.986371","AI Vision / Joint Inspection","Joint 1","joint_damage","68.2","WARNING","-2082","28.8","56","0","0","0","0","AI abnormality detected: joint damage; Warning condition recorded","Isolate the affected conveyor section when operationally safe and perform targeted joint/belt inspection."
"2026-09-10T13:27:19.970891","AI Vision / Joint Inspection","Joint 1","joint_damage","79.5","WARNING","-2082","28.8","56","0","0","0","0","AI abnormality detected: joint damage; Warning condition recorded","Isolate the affected conveyor section when operationally safe and perform targeted joint/belt inspection."
"2026-09-10T13:27:14.970377","AI Vision / Joint Inspection","Joint 1","joint_damage","28.3","WARNING","-2082","28.8","56","0","0","0","0","AI abnormality detected: joint damage; Warning condition recorded","Isolate the affected conveyor section when operationally safe and perform targeted joint/belt inspection."
"2026-09-10T13:27:12.026550","AI Vision / Joint Inspection","Joint 1","joint_damage","61.4","WARNING","-2082","28.8","56","0","0","0","0","AI abnormality detected: joint damage; Warning condition recorded","Isolate the affected conveyor section when operationally safe and perform targeted joint/belt inspection."
"2026-09-10T13:27:10.984765","AI Vision / Joint Inspection","Joint 1","joint_damage","80.9","WARNING","-2082","28.8","56","0","0","0","0","AI abnormality detected: joint damage; Warning condition recorded","Isolate the affected conveyor section when operationally safe and perform targeted joint/belt inspection."
"2026-09-10T13:23:20.193348","AI Vision / Joint Inspection","Joint 1","joint_damage","25.2","WARNING","-2082","28.8","56","0","0","0","0","AI abnormality detected: joint damage; Warning condition recorded","Isolate the affected conveyor section when operationally safe and perform targeted joint/belt inspection."
"2026-09-10T13:23:18.186512","AI Vision / Joint Inspection","Joint 1","joint_damage","31.1","WARNING","-2082","28.8","56","0","0","0","0","AI abnormality detected: joint damage; Warning condition recorded","Isolate the affected conveyor section when operationally safe and perform targeted joint/belt inspection."
"2026-09-10T13:23:13.477899","AI Vision / Joint Inspection","Joint 1","joint_damage","51.8","WARNING","-2082","28.8","56","0","0","0","0","AI abnormality detected: joint damage; Warning condition recorded","Isolate the affected conveyor section when operationally safe and perform targeted joint/belt inspection."
"2026-09-10T13:22:44.183687","AI Vision / Joint Inspection","Joint 1","joint_damage","28.0","NORMAL","-2082","28.8","56","0","0","0","0","AI abnormality detected: joint damage","Isolate the affected conveyor section when operationally safe and perform targeted joint/belt inspection."
"2026-09-09T22:55:28.276943","AI Vision / Joint Inspection","Joint 1","joint_damage","51.2","WARNING","-2082","28.8","56","0","0","0","0","AI abnormality detected: joint damage; Warning condition recorded","Isolate the affected conveyor section when operationally safe and perform targeted joint/belt inspection."
"2026-09-09T22:55:25.285831","AI Vision / Joint Inspection","Joint 1","joint_damage","49.5","WARNING","-2082","28.8","56","0","0","0","0","AI abnormality detected: joint damage; Warning condition recorded","Isolate the affected conveyor section when operationally safe and perform targeted joint/belt inspection."
"2026-09-09T22:54:25.120168","AI Vision / Joint Inspection","Joint 1","joint_damage","42.6","NORMAL","-2082","28.8","56","0","0","0","0","AI abnormality detected: joint damage","Isolate the affected conveyor section when operationally safe and perform targeted joint/belt inspection."
"2026-09-09T22:54:22.018027","AI Vision / Joint Inspection","Joint 1","joint_damage","35.9","NORMAL","-2082","28.8","56","0","0","0","0","AI abnormality detected: joint damage","Isolate the affected conveyor section when operationally safe and perform targeted joint/belt inspection."
"2026-09-09T22:54:11.237286","AI Vision / Joint Inspection","Joint 1","joint_damage","55.8","WARNING","-2082","28.8","56","0","0","0","0","AI abnormality detected: joint damage; Warning condition recorded","Isolate the affected conveyor section when operationally safe and perform targeted joint/belt inspection."
"2026-09-09T22:54:08.524729","AI Vision / Joint Inspection","Joint 1","joint_damage","61.1","WARNING","-2082","28.8","56","0","0","0","0","AI abnormality detected: joint damage; Warning condition recorded","Isolate the affected conveyor section when operationally safe and perform targeted joint/belt inspection."
"2026-09-09T22:53:12.507730","AI Vision / Joint Inspection","Joint 1","joint_damage","45.7","NORMAL","-2082","28.8","56","0","0","0","0","AI abnormality detected: joint damage","Isolate the affected conveyor section when operationally safe and perform targeted joint/belt inspection."
"2026-09-09T22:53:09.015945","AI Vision / Joint Inspection","Joint 1","joint_damage","39.8","NORMAL","-2082","28.8","56","0","0","0","0","AI abnormality detected: joint damage","Isolate the affected conveyor section when operationally safe and perform targeted joint/belt inspection."
"2026-09-09T22:53:08.779372","AI Vision / Joint Inspection","Joint 1","joint_damage","43.5","NORMAL","-2082","28.8","56","0","0","0","0","AI abnormality detected: joint damage","Isolate the affected conveyor section when operationally safe and perform targeted joint/belt inspection."
"2026-09-09T22:42:09.193296","AI Vision / Joint Inspection","Joint 1","joint_damage","62.1","WARNING","-2082","28.8","56","0","0","0","0","AI abnormality detected: joint damage; Warning condition recorded","Isolate the affected conveyor section when operationally safe and perform targeted joint/belt inspection."
"2026-09-09T22:42:04.941631","AI Vision / Joint Inspection","Joint 1","joint_damage","53.9","WARNING","-2082","28.8","56","0","0","0","0","AI abnormality detected: joint damage; Warning condition recorded","Isolate the affected conveyor section when operationally safe and perform targeted joint/belt inspection."
"2026-09-09T22:42:01.198345","AI Vision / Joint Inspection","Joint 1","joint_damage","52.3","WARNING","-2082","28.8","56","0","0","0","0","AI abnormality detected: joint damage; Warning condition recorded","Isolate the affected conveyor section when operationally safe and perform targeted joint/belt inspection."
"2026-09-09T22:41:54.108467","AI Vision / Joint Inspection","Joint 1","joint_damage","50.3","WARNING","-2082","28.8","56","0","0","0","0","AI abnormality detected: joint damage; Warning condition recorded","Isolate the affected conveyor section when operationally safe and perform targeted joint/belt inspection."
"2026-09-09T22:41:47.682498","AI Vision / Joint Inspection","Joint 1","joint_damage","34.8","WARNING","-2082","28.8","56","0","0","0","0","AI abnormality detected: joint damage; Warning condition recorded","Isolate the affected conveyor section when operationally safe and perform targeted joint/belt inspection."
"2026-09-09T22:41:41.517689","AI Vision / Joint Inspection","Joint 1","joint_damage","44.4","NORMAL","-2082","28.8","56","0","0","0","0","AI abnormality detected: joint damage","Isolate the affected conveyor section when operationally safe and perform targeted joint/belt inspection."
"2026-09-09T22:41:37.131893","AI Vision / Joint Inspection","Joint 1","joint_damage","45.2","NORMAL","-2082","28.8","56","0","0","0","0","AI abnormality detected: joint damage","Isolate the affected conveyor section when operationally safe and perform targeted joint/belt inspection."
"2026-09-09T22:41:30.087049","AI Vision / Joint Inspection","Joint 1","joint_damage","47.7","WARNING","-2082","28.8","56","0","0","0","0","AI abnormality detected: joint damage; Warning condition recorded","Isolate the affected conveyor section when operationally safe and perform targeted joint/belt inspection."
"2026-09-09T22:41:28.086112","AI Vision / Joint Inspection","Joint 1","joint_damage","41.9","WARNING","-2082","28.8","56","0","0","0","0","AI abnormality detected: joint damage; Warning condition recorded","Isolate the affected conveyor section when operationally safe and perform targeted joint/belt inspection."
"2026-09-09T22:41:27.077668","AI Vision / Joint Inspection","Joint 1","joint_damage","36.6","WARNING","-2082","28.8","56","0","0","0","0","AI abnormality detected: joint damage; Warning condition recorded","Isolate the affected conveyor section when operationally safe and perform targeted joint/belt inspection."
"2026-09-09T22:41:23.840862","AI Vision / Joint Inspection","Joint 1","joint_damage","38.0","WARNING","-2082","28.8","56","0","0","0","0","AI abnormality detected: joint damage; Warning condition recorded","Isolate the affected conveyor section when operationally safe and perform targeted joint/belt inspection."
"2026-09-09T22:41:21.088752","AI Vision / Joint Inspection","Joint 1","joint_damage","59.9","WARNING","-2082","28.8","56","0","0","0","0","AI abnormality detected: joint damage; Warning condition recorded","Isolate the affected conveyor section when operationally safe and perform targeted joint/belt inspection."
"2026-09-09T22:41:19.096042","AI Vision / Joint Inspection","Joint 1","joint_damage","45.2","WARNING","-2082","28.8","56","0","0","0","0","AI abnormality detected: joint damage; Warning condition recorded","Isolate the affected conveyor section when operationally safe and perform targeted joint/belt inspection."
"2026-09-09T22:41:17.094261","AI Vision / Joint Inspection","Joint 1","joint_damage","47.0","WARNING","-2082","28.8","56","0","0","0","0","AI abnormality detected: joint damage; Warning condition recorded","Isolate the affected conveyor section when operationally safe and perform targeted joint/belt inspection."
"2026-09-09T22:41:16.081487","AI Vision / Joint Inspection","Joint 1","joint_damage","38.1","WARNING","-2082","28.8","56","0","0","0","0","AI abnormality detected: joint damage; Warning condition recorded","Isolate the affected conveyor section when operationally safe and perform targeted joint/belt inspection."
"2026-09-09T22:41:14.061311","AI Vision / Joint Inspection","Joint 1","joint_damage","29.7","WARNING","-2082","28.8","56","0","0","0","0","AI abnormality detected: joint damage; Warning condition recorded","Isolate the affected conveyor section when operationally safe and perform targeted joint/belt inspection."
"2026-09-09T22:41:12.071924","AI Vision / Joint Inspection","Joint 1","joint_damage","56.2","WARNING","-2082","28.8","56","0","0","0","0","AI abnormality detected: joint damage; Warning condition recorded","Isolate the affected conveyor section when operationally safe and perform targeted joint/belt inspection."
"2026-09-09T22:41:10.159022","AI Vision / Joint Inspection","Joint 1","joint_damage","45.2","WARNING","-2082","28.8","56","0","0","0","0","AI abnormality detected: joint damage; Warning condition recorded","Isolate the affected conveyor section when operationally safe and perform targeted joint/belt inspection."
"2026-09-09T22:41:08.058589","AI Vision / Joint Inspection","Joint 1","joint_damage","58.1","WARNING","-2082","28.8","56","0","0","0","0","AI abnormality detected: joint damage; Warning condition recorded","Isolate the affected conveyor section when operationally safe and perform targeted joint/belt inspection."
"2026-09-09T22:41:06.076207","AI Vision / Joint Inspection","Joint 1","joint_damage","48.7","WARNING","-2082","28.8","56","0","0","0","0","AI abnormality detected: joint damage; Warning condition recorded","Isolate the affected conveyor section when operationally safe and perform targeted joint/belt inspection."
"2026-09-09T22:41:02.178268","AI Vision / Joint Inspection","Joint 1","joint_damage","30.3","WARNING","-2082","28.8","56","0","0","0","0","AI abnormality detected: joint damage; Warning condition recorded","Isolate the affected conveyor section when operationally safe and perform targeted joint/belt inspection."
"2026-09-08T11:38:05.758256","AI Vision / Joint Inspection","Joint 3","joint_damage","36.6","NORMAL","7923","28.9","70.4","0","0","87","0","AI abnormality detected: joint damage","Isolate the affected conveyor section when operationally safe and perform targeted joint/belt inspection."
"2026-09-08T11:37:51.306589","AI Vision / Joint Inspection","Joint 3","joint_damage","38.9","NORMAL","7923","28.9","70.4","0","0","87","0","AI abnormality detected: joint damage","Isolate the affected conveyor section when operationally safe and perform targeted joint/belt inspection."
"2026-09-08T11:37:50.167711","AI Vision / Joint Inspection","Joint 3","joint_damage","32.1","NORMAL","7923","28.9","70.4","0","0","87","0","AI abnormality detected: joint damage","Isolate the affected conveyor section when operationally safe and perform targeted joint/belt inspection."
"2026-09-08T11:37:46.673300","AI Vision / Joint Inspection","Joint 3","joint_damage","38.8","NORMAL","7923","28.9","70.4","0","0","87","0","AI abnormality detected: joint damage","Isolate the affected conveyor section when operationally safe and perform targeted joint/belt inspection."
"2026-09-08T11:37:45.811732","AI Vision / Joint Inspection","Joint 3","joint_damage","34.3","NORMAL","7923","28.9","70.4","0","0","87","0","AI abnormality detected: joint damage","Isolate the affected conveyor section when operationally safe and perform targeted joint/belt inspection."
"2026-09-08T11:37:45.478581","AI Vision / Joint Inspection","Joint 3","joint_damage","33.9","NORMAL","7923","28.9","70.4","0","0","87","0","AI abnormality detected: joint damage","Isolate the affected conveyor section when operationally safe and perform targeted joint/belt inspection."
"2026-09-08T11:37:41.833612","AI Vision / Joint Inspection","Joint 3","joint_damage","26.7","NORMAL","7923","28.9","70.4","0","0","87","0","AI abnormality detected: joint damage","Isolate the affected conveyor section when operationally safe and perform targeted joint/belt inspection."
"2026-09-08T11:37:24.277288","AI Vision / Joint Inspection","Joint 3","joint_damage","35.7","NORMAL","7923","28.9","70.4","0","0","87","0","AI abnormality detected: joint damage","Isolate the affected conveyor section when operationally safe and perform targeted joint/belt inspection."
"2026-09-08T11:37:11.914441","AI Vision / Joint Inspection","Joint 3","joint_damage","27.5","NORMAL","7923","28.9","70.4","0","0","87","0","AI abnormality detected: joint damage","Isolate the affected conveyor section when operationally safe and perform targeted joint/belt inspection."
"2026-09-08T11:37:06.386082","AI Vision / Joint Inspection","Joint 3","joint_damage","26.4","NORMAL","7923","28.9","70.4","0","0","87","0","AI abnormality detected: joint damage","Isolate the affected conveyor section when operationally safe and perform targeted joint/belt inspection."
"2026-09-08T11:31:03.024216","AI Vision / Joint Inspection","Joint 3","joint_damage","35.5","NORMAL","7923","28.9","70.4","0","0","87","0","AI abnormality detected: joint damage","Isolate the affected conveyor section when operationally safe and perform targeted joint/belt inspection."
"2026-09-08T11:31:01.394646","AI Vision / Joint Inspection","Joint 3","joint_damage","39.9","NORMAL","7923","28.9","70.4","0","0","0","0","AI abnormality detected: joint damage","Isolate the affected conveyor section when operationally safe and perform targeted joint/belt inspection."
"2026-09-08T11:30:58.993709","AI Vision / Joint Inspection","Joint 3","joint_damage","35.2","NORMAL","7923","28.9","70.4","0","0","0","0","AI abnormality detected: joint damage","Isolate the affected conveyor section when operationally safe and perform targeted joint/belt inspection."
"2026-09-08T11:29:20.868037","AI Vision / Joint Inspection","Joint 3","joint_damage","29.7","NORMAL","7923","28.7","71","0","0","0","0","AI abnormality detected: joint damage","Isolate the affected conveyor section when operationally safe and perform targeted joint/belt inspection."
"2026-09-08T11:28:59.506799","AI Vision / Joint Inspection","Joint 3","joint_damage","31.4","NORMAL","7923","28.7","70.7","0","0","0","0","AI abnormality detected: joint damage","Isolate the affected conveyor section when operationally safe and perform targeted joint/belt inspection."
"2026-09-08T11:28:49.872527","AI Vision / Joint Inspection","Joint 3","joint_damage","29.0","NORMAL","7923","28.7","69.9","0","0","0","0","AI abnormality detected: joint damage","Isolate the affected conveyor section when operationally safe and perform targeted joint/belt inspection."
"2026-09-08T11:28:40.720036","AI Vision / Joint Inspection","Joint 5","joint_damage","29.8","NORMAL","7823","28.7","67.2","0","0","1535","0","AI abnormality detected: joint damage","Isolate the affected conveyor section when operationally safe and perform targeted joint/belt inspection."
"2026-09-08T11:28:39.730541","AI Vision / Joint Inspection","Joint 4","joint_damage","29.8","NORMAL","7798","28.6","67.1","0","0","0","0","AI abnormality detected: joint damage","Isolate the affected conveyor section when operationally safe and perform targeted joint/belt inspection."
"2026-09-08T11:28:38.550890","AI Vision / Joint Inspection","Joint 3","joint_damage","29.8","NORMAL","7779","28.6","67.1","0","0","0","0","AI abnormality detected: joint damage","Isolate the affected conveyor section when operationally safe and perform targeted joint/belt inspection."
"2026-09-08T11:28:37.692167","AI Vision / Joint Inspection","Joint 3","joint_damage","28.5","NORMAL","7758","28.6","69.4","0","0","0","0","AI abnormality detected: joint damage","Isolate the affected conveyor section when operationally safe and perform targeted joint/belt inspection."
"2026-09-08T11:28:36.312865","AI Vision / Joint Inspection","Joint 2","joint_damage","36.3","NORMAL","7738","28.6","69.4","0","0","0","0","AI abnormality detected: joint damage","Isolate the affected conveyor section when operationally safe and perform targeted joint/belt inspection."
"2026-09-08T11:28:35.788049","AI Vision / Joint Inspection","Joint 1","joint_damage","36.3","NORMAL","7697","28.6","68.3","0","0","18","0","AI abnormality detected: joint damage","Isolate the affected conveyor section when operationally safe and perform targeted joint/belt inspection."
"2026-09-08T11:28:33.686476","AI Vision / Joint Inspection","Joint 5","joint_damage","36.3","NORMAL","7673","28.6","68.3","0","0","392","0","AI abnormality detected: joint damage","Isolate the affected conveyor section when operationally safe and perform targeted joint/belt inspection."
"2026-09-08T11:28:31.930414","AI Vision / Joint Inspection","Joint 4","joint_damage","46.3","NORMAL","7636","28.6","69","0","0","0","0","AI abnormality detected: joint damage","Isolate the affected conveyor section when operationally safe and perform targeted joint/belt inspection."
"2026-09-08T11:28:29.187293","AI Vision / Joint Inspection","Joint 2","joint_damage","31.9","NORMAL","7575","28.6","69","0","0","123","0","AI abnormality detected: joint damage","Isolate the affected conveyor section when operationally safe and perform targeted joint/belt inspection."
"2026-09-08T11:28:27.866077","AI Vision / Joint Inspection","Joint 1","joint_damage","31.9","NORMAL","7550","28.6","67.7","0","0","0","0","AI abnormality detected: joint damage","Isolate the affected conveyor section when operationally safe and perform targeted joint/belt inspection."
"2026-09-08T11:28:26.658973","AI Vision / Joint Inspection","Joint 5","joint_damage","31.9","NORMAL","7524","28.6","67.7","0","0","0","0","AI abnormality detected: joint damage","Isolate the affected conveyor section when operationally safe and perform targeted joint/belt inspection."
"2026-09-08T11:28:25.573978","AI Vision / Joint Inspection","Joint 4","joint_damage","29.9","NORMAL","7498","28.6","66.4","0","0","0","0","AI abnormality detected: joint damage","Isolate the affected conveyor section when operationally safe and perform targeted joint/belt inspection."
"2026-09-08T11:28:24.361198","AI Vision / Joint Inspection","Joint 3","joint_damage","32.6","NORMAL","7476","28.6","66.4","0","0","0","0","AI abnormality detected: joint damage","Isolate the affected conveyor section when operationally safe and perform targeted joint/belt inspection."
"2026-09-08T11:28:23.703024","AI Vision / Joint Inspection","Joint 3","joint_damage","30.4","NORMAL","7457","28.6","66.4","0","0","0","0","AI abnormality detected: joint damage","Isolate the affected conveyor section when operationally safe and perform targeted joint/belt inspection."
"2026-09-08T11:28:22.788605","AI Vision / Joint Inspection","Joint 1","joint_damage","30.4","NORMAL","7419","28.6","66.4","0","0","1162","0","AI abnormality detected: joint damage","Isolate the affected conveyor section when operationally safe and perform targeted joint/belt inspection."
"2026-09-08T11:28:21.021107","AI Vision / Joint Inspection","Joint 1","joint_damage","25.5","NORMAL","7392","28.6","67.9","0","0","1753","0","AI abnormality detected: joint damage","Isolate the affected conveyor section when operationally safe and perform targeted joint/belt inspection."
"2026-09-08T11:28:19.911714","AI Vision / Joint Inspection","Joint 5","joint_damage","25.5","NORMAL","7372","28.6","67.9","0","0","1626","0","AI abnormality detected: joint damage","Isolate the affected conveyor section when operationally safe and perform targeted joint/belt inspection."
"2026-09-08T11:28:19.183842","AI Vision / Joint Inspection","Joint 4","joint_damage","25.5","NORMAL","7336","28.6","67.9","0","0","1200","0","AI abnormality detected: joint damage","Isolate the affected conveyor section when operationally safe and perform targeted joint/belt inspection."
"2026-09-08T11:28:17.157315","AI Vision / Joint Inspection","Joint 3","joint_damage","25.5","NORMAL","7312","28.6","67.9","0","0","0","0","AI abnormality detected: joint damage","Isolate the affected conveyor section when operationally safe and perform targeted joint/belt inspection."
"2026-09-08T11:27:42.741227","AI Vision / Joint Inspection","Joint 1","joint_damage","30.4","NORMAL","6502","28.5","68.1","0","0","0","0","AI abnormality detected: joint damage","Isolate the affected conveyor section when operationally safe and perform targeted joint/belt inspection."
"2026-09-08T11:27:42.139297","AI Vision / Joint Inspection","Joint 5","joint_damage","30.4","NORMAL","6479","28.5","68.1","0","0","0","0","AI abnormality detected: joint damage","Isolate the affected conveyor section when operationally safe and perform targeted joint/belt inspection."
"2026-09-08T11:27:40.154799","AI Vision / Joint Inspection","Joint 4","joint_damage","26.7","NORMAL","6434","28.5","67.3","0","0","0","0","AI abnormality detected: joint damage","Isolate the affected conveyor section when operationally safe and perform targeted joint/belt inspection."
"2026-09-08T11:27:39.053980","AI Vision / Joint Inspection","Joint 3","joint_damage","29.1","NORMAL","6407","28.5","67.3","0","0","58","0","AI abnormality detected: joint damage","Isolate the affected conveyor section when operationally safe and perform targeted joint/belt inspection."
"2026-09-08T11:27:25.633460","AI Vision / Joint Inspection","Joint 3","joint_damage","27.0","NORMAL","6273","28.5","68.3","0","0","2256","0","AI abnormality detected: joint damage","Isolate the affected conveyor section when operationally safe and perform targeted joint/belt inspection."
"2026-09-08T11:27:23.919067","AI Vision / Joint Inspection","Joint 2","joint_damage","27.0","NORMAL","6239","28.5","68.3","0","0","0","0","AI abnormality detected: joint damage","Isolate the affected conveyor section when operationally safe and perform targeted joint/belt inspection."
"2026-09-08T11:27:22.000585","AI Vision / Joint Inspection","Joint 5","joint_damage","27.0","NORMAL","6171","28.5","66","0","0","421","0","AI abnormality detected: joint damage","Isolate the affected conveyor section when operationally safe and perform targeted joint/belt inspection."
"2026-09-08T11:27:19.588772","AI Vision / Joint Inspection","Joint 3","joint_damage","27.0","NORMAL","6130","28.5","66","0","0","0","0","AI abnormality detected: joint damage","Isolate the affected conveyor section when operationally safe and perform targeted joint/belt inspection."
"2026-09-08T11:27:17.697978","AI Vision / Joint Inspection","Joint 1","joint_damage","27.0","NORMAL","6073","28.5","66.6","0","0","0","0","AI abnormality detected: joint damage","Isolate the affected conveyor section when operationally safe and perform targeted joint/belt inspection."
"2026-09-08T11:27:15.004273","AI Vision / Joint Inspection","Joint 5","joint_damage","32.1","NORMAL","6025","28.5","67.6","0","0","1431","0","AI abnormality detected: joint damage","Isolate the affected conveyor section when operationally safe and perform targeted joint/belt inspection."
"2026-09-08T11:27:13.017337","AI Vision / Joint Inspection","Joint 4","joint_damage","32.1","NORMAL","5985","28.5","67.6","0","0","0","0","AI abnormality detected: joint damage","Isolate the affected conveyor section when operationally safe and perform targeted joint/belt inspection."
"2026-09-08T11:27:11.005653","AI Vision / Joint Inspection","Joint 2","joint_damage","32.1","NORMAL","5942","28.5","67.6","0","0","0","0","AI abnormality detected: joint damage","Isolate the affected conveyor section when operationally safe and perform targeted joint/belt inspection."
"2026-09-08T11:27:08.952125","AI Vision / Joint Inspection","Joint 1","joint_damage","32.1","NORMAL","5918","28.5","69","0","0","0","0","AI abnormality detected: joint damage","Isolate the affected conveyor section when operationally safe and perform targeted joint/belt inspection."
"2026-09-08T11:27:07.834330","AI Vision / Joint Inspection","Joint 1","joint_damage","29.8","NORMAL","5898","28.5","69","0","0","0","0","AI abnormality detected: joint damage","Isolate the affected conveyor section when operationally safe and perform targeted joint/belt inspection."
"2026-09-08T11:27:07.048747","AI Vision / Joint Inspection","Joint 5","joint_damage","29.8","NORMAL","5878","28.5","69.5","0","0","215","0","AI abnormality detected: joint damage","Isolate the affected conveyor section when operationally safe and perform targeted joint/belt inspection."
"2026-09-08T11:27:05.356750","AI Vision / Joint Inspection","Joint 4","joint_damage","29.8","NORMAL","5842","28.5","69.5","0","0","962","0","AI abnormality detected: joint damage","Isolate the affected conveyor section when operationally safe and perform targeted joint/belt inspection."
"2026-09-08T11:27:00.345882","AI Vision / Joint Inspection","Joint 5","joint_damage","29.8","NORMAL","5715","28.4","68.5","0","0","0","0","AI abnormality detected: joint damage","Isolate the affected conveyor section when operationally safe and perform targeted joint/belt inspection."
"2026-09-08T11:26:09.839457","AI Vision / Joint Inspection","Joint 4","joint_damage","37.3","NORMAL","4634","28.3","69.9","0","0","0","0","AI abnormality detected: joint damage","Isolate the affected conveyor section when operationally safe and perform targeted joint/belt inspection."
"2026-09-08T11:25:33.699714","AI Vision / Joint Inspection","Joint 3","joint_damage","44.2","NORMAL","4011","28.2","68.3","0","0","0","0","AI abnormality detected: joint damage","Isolate the affected conveyor section when operationally safe and perform targeted joint/belt inspection."
"2026-09-08T11:25:32.891149","AI Vision / Joint Inspection","Joint 2","joint_damage","44.2","NORMAL","3992","28.2","68.3","0","0","738","0","AI abnormality detected: joint damage","Isolate the affected conveyor section when operationally safe and perform targeted joint/belt inspection."
"2026-09-08T11:25:30.713890","AI Vision / Joint Inspection","Joint 1","joint_damage","44.2","NORMAL","3951","28.2","67.6","0","0","0","0","AI abnormality detected: joint damage","Isolate the affected conveyor section when operationally safe and perform targeted joint/belt inspection."
"2026-09-08T11:25:29.406776","AI Vision / Joint Inspection","Joint 5","joint_damage","44.2","NORMAL","3927","28.2","68.6","0","0","0","0","AI abnormality detected: joint damage","Isolate the affected conveyor section when operationally safe and perform targeted joint/belt inspection."
"2026-09-08T11:25:27.251147","AI Vision / Joint Inspection","Joint 4","joint_damage","44.2","NORMAL","3885","28.2","69.9","0","0","0","0","AI abnormality detected: joint damage","Isolate the affected conveyor section when operationally safe and perform targeted joint/belt inspection."
"2026-09-08T11:25:26.031495","AI Vision / Joint Inspection","Joint 3","joint_damage","44.2","NORMAL","3865","28.2","69.9","0","0","570","0","AI abnormality detected: joint damage","Isolate the affected conveyor section when operationally safe and perform targeted joint/belt inspection."
"2026-09-08T11:25:12.029476","AI Vision / Joint Inspection","Joint 5","joint_damage","47.4","NORMAL","3618","28.2","69.9","0","0","0","0","AI abnormality detected: joint damage","Isolate the affected conveyor section when operationally safe and perform targeted joint/belt inspection."
"2026-09-08T11:25:11.082379","AI Vision / Joint Inspection","Joint 4","joint_damage","47.4","NORMAL","3585","28.2","69.9","0","0","2250","0","AI abnormality detected: joint damage","Isolate the affected conveyor section when operationally safe and perform targeted joint/belt inspection."
"2026-09-08T11:25:09.727736","AI Vision / Joint Inspection","Joint 3","joint_damage","47.4","NORMAL","3568","28.2","69.9","0","0","0","0","AI abnormality detected: joint damage","Isolate the affected conveyor section when operationally safe and perform targeted joint/belt inspection."
"2026-09-08T11:25:07.620727","AI Vision / Joint Inspection","Joint 2","joint_damage","47.4","NORMAL","3531","28.2","69.9","0","0","0","0","AI abnormality detected: joint damage","Isolate the affected conveyor section when operationally safe and perform targeted joint/belt inspection."
"2026-09-08T11:25:06.360189","AI Vision / Joint Inspection","Joint 1","joint_damage","47.4","NORMAL","3512","28.2","69.9","0","0","1218","0","AI abnormality detected: joint damage","Isolate the affected conveyor section when operationally safe and perform targeted joint/belt inspection."
"2026-09-08T11:25:05.374633","AI Vision / Joint Inspection","Joint 5","joint_damage","47.4","NORMAL","3488","28.2","67","0","0","0","0","AI abnormality detected: joint damage","Isolate the affected conveyor section when operationally safe and perform targeted joint/belt inspection."
"2026-09-08T11:24:53.770040","AI Vision / Joint Inspection","Joint 3","joint_damage","51.2","WARNING","3264","28.2","70.2","0","0","1168","0","AI abnormality detected: joint damage; Warning condition recorded","Isolate the affected conveyor section when operationally safe and perform targeted joint/belt inspection."
"2026-09-08T11:24:52.867267","AI Vision / Joint Inspection","Joint 2","joint_damage","51.2","WARNING","3240","28.2","70.2","0","0","0","0","AI abnormality detected: joint damage; Warning condition recorded","Isolate the affected conveyor section when operationally safe and perform targeted joint/belt inspection."
"2026-09-08T11:24:50.660608","AI Vision / Joint Inspection","Joint 1","joint_damage","51.2","WARNING","3198","28.2","66.5","0","0","0","0","AI abnormality detected: joint damage; Warning condition recorded","Isolate the affected conveyor section when operationally safe and perform targeted joint/belt inspection."
"2026-09-08T11:24:50.412180","AI Vision / Joint Inspection","Joint 5","joint_damage","51.2","WARNING","3198","28.2","66.5","0","0","0","0","AI abnormality detected: joint damage; Warning condition recorded","Isolate the affected conveyor section when operationally safe and perform targeted joint/belt inspection."
"2026-09-08T11:24:49.936190","AI Vision / Joint Inspection","Joint 5","joint_damage","28.3","WARNING","3180","28.2","66.5","0","0","0","0","AI abnormality detected: joint damage; Warning condition recorded","Isolate the affected conveyor section when operationally safe and perform targeted joint/belt inspection."
"2026-09-08T11:24:47.737741","AI Vision / Joint Inspection","Joint 4","joint_damage","28.3","WARNING","3137","28.2","66.6","0","0","1904","0","AI abnormality detected: joint damage; Warning condition recorded","Isolate the affected conveyor section when operationally safe and perform targeted joint/belt inspection."
"2026-09-08T11:24:46.522397","AI Vision / Joint Inspection","Joint 3","joint_damage","28.3","WARNING","3117","28.2","69.7","0","0","0","0","AI abnormality detected: joint damage; Warning condition recorded","Isolate the affected conveyor section when operationally safe and perform targeted joint/belt inspection."
"2026-09-08T11:24:45.648289","AI Vision / Joint Inspection","Joint 2","joint_damage","28.3","WARNING","3088","28.2","69.7","0","0","0","0","AI abnormality detected: joint damage; Warning condition recorded","Isolate the affected conveyor section when operationally safe and perform targeted joint/belt inspection."
"2026-09-08T11:24:43.929514","AI Vision / Joint Inspection","Joint 1","joint_damage","28.3","WARNING","3040","28.2","67.3","0","0","0","0","AI abnormality detected: joint damage; Warning condition recorded","Isolate the affected conveyor section when operationally safe and perform targeted joint/belt inspection."
"2026-09-08T11:24:39.997997","AI Vision / Joint Inspection","Joint 4","joint_damage","50.2","WARNING","2984","28.2","69.7","0","0","0","0","AI abnormality detected: joint damage; Warning condition recorded","Isolate the affected conveyor section when operationally safe and perform targeted joint/belt inspection."
"2026-09-08T11:24:38.722814","AI Vision / Joint Inspection","Joint 3","joint_damage","50.2","WARNING","2959","28.1","68","0","0","56","0","AI abnormality detected: joint damage; Warning condition recorded","Isolate the affected conveyor section when operationally safe and perform targeted joint/belt inspection."
"2026-09-08T11:24:37.244479","AI Vision / Joint Inspection","Joint 2","joint_damage","50.2","WARNING","2928","28.1","68","0","0","0","0","AI abnormality detected: joint damage; Warning condition recorded","Isolate the affected conveyor section when operationally safe and perform targeted joint/belt inspection."
"2026-09-08T11:24:35.758185","AI Vision / Joint Inspection","Joint 1","joint_damage","50.2","WARNING","2891","28.1","69.1","0","0","3134","0","AI abnormality detected: joint damage; Warning condition recorded","Isolate the affected conveyor section when operationally safe and perform targeted joint/belt inspection."
"2026-09-08T11:24:33.836951","AI Vision / Joint Inspection","Joint 5","joint_damage","50.2","WARNING","2863","28.1","69.1","0","0","214","0","AI abnormality detected: joint damage; Warning condition recorded","Isolate the affected conveyor section when operationally safe and perform targeted joint/belt inspection."
"2026-09-08T11:24:32.417173","AI Vision / Joint Inspection","Joint 4","joint_damage","50.2","WARNING","2844","28.1","69.1","0","0","1712","0","AI abnormality detected: joint damage; Warning condition recorded","Isolate the affected conveyor section when operationally safe and perform targeted joint/belt inspection."
"2026-09-08T11:24:31.499138","AI Vision / Joint Inspection","Joint 3","joint_damage","50.2","WARNING","2819","28.1","69.1","0","0","2126","0","AI abnormality detected: joint damage; Warning condition recorded","Isolate the affected conveyor section when operationally safe and perform targeted joint/belt inspection."
"2026-09-08T11:24:29.883827","AI Vision / Joint Inspection","Joint 2","joint_damage","50.2","WARNING","2802","28.1","69.5","0","0","0","0","AI abnormality detected: joint damage; Warning condition recorded","Isolate the affected conveyor section when operationally safe and perform targeted joint/belt inspection."
"2026-09-08T11:24:29.118786","AI Vision / Joint Inspection","Joint 2","joint_damage","32.0","WARNING","2784","28.1","69.5","0","0","0","0","AI abnormality detected: joint damage; Warning condition recorded","Isolate the affected conveyor section when operationally safe and perform targeted joint/belt inspection."
"2026-09-08T11:24:26.998257","AI Vision / Joint Inspection","Joint 1","joint_damage","32.0","WARNING","2742","28.1","69.6","0","0","87","0","AI abnormality detected: joint damage; Warning condition recorded","Isolate the affected conveyor section when operationally safe and perform targeted joint/belt inspection."
"2026-09-08T11:24:26.053595","AI Vision / Joint Inspection","Joint 5","joint_damage","32.0","WARNING","2723","28.1","68.6","0","0","0","0","AI abnormality detected: joint damage; Warning condition recorded","Isolate the affected conveyor section when operationally safe and perform targeted joint/belt inspection."
"2026-09-08T11:24:24.669679","AI Vision / Joint Inspection","Joint 4","joint_damage","32.0","WARNING","2697","28.1","68.6","0","0","112","0","AI abnormality detected: joint damage; Warning condition recorded","Isolate the affected conveyor section when operationally safe and perform targeted joint/belt inspection."
"2026-09-08T11:24:22.745955","AI Vision / Joint Inspection","Joint 3","joint_damage","32.0","WARNING","2662","28.1","69.8","0","0","0","0","AI abnormality detected: joint damage; Warning condition recorded","Isolate the affected conveyor section when operationally safe and perform targeted joint/belt inspection."
"2026-09-08T11:24:21.637669","AI Vision / Joint Inspection","Joint 2","joint_damage","32.0","WARNING","2639","28.1","68.8","0","0","0","0","AI abnormality detected: joint damage; Warning condition recorded","Isolate the affected conveyor section when operationally safe and perform targeted joint/belt inspection."
"2026-09-08T11:24:19.362005","AI Vision / Joint Inspection","Joint 1","joint_damage","32.0","NORMAL","2594","28.1","67.4","0","0","931","0","AI abnormality detected: joint damage","Isolate the affected conveyor section when operationally safe and perform targeted joint/belt inspection."
"2026-09-08T11:24:18.019797","AI Vision / Joint Inspection","Joint 5","joint_damage","32.0","NORMAL","2565","28.1","67.4","0","0","0","0","AI abnormality detected: joint damage","Isolate the affected conveyor section when operationally safe and perform targeted joint/belt inspection."
"2026-09-08T11:24:17.074169","AI Vision / Joint Inspection","Joint 4","joint_damage","32.0","NORMAL","2565","28.1","67.4","0","0","0","0","AI abnormality detected: joint damage","Isolate the affected conveyor section when operationally safe and perform targeted joint/belt inspection."
"2026-09-08T11:24:16.794619","AI Vision / Joint Inspection","Joint 4","joint_damage","40.4","NORMAL","2539","28.1","67.4","0","0","667","0","AI abnormality detected: joint damage","Isolate the affected conveyor section when operationally safe and perform targeted joint/belt inspection."
"2026-09-08T11:24:15.074582","AI Vision / Joint Inspection","Joint 3","joint_damage","40.4","NORMAL","2515","28.1","67.4","0","0","0","0","AI abnormality detected: joint damage","Isolate the affected conveyor section when operationally safe and perform targeted joint/belt inspection."
"2026-09-08T11:24:13.695939","AI Vision / Joint Inspection","Joint 2","joint_damage","40.4","NORMAL","2483","28.1","66.2","0","0","783","0","AI abnormality detected: joint damage","Isolate the affected conveyor section when operationally safe and perform targeted joint/belt inspection."
"2026-09-08T11:24:12.399806","AI Vision / Joint Inspection","Joint 1","joint_damage","40.4","NORMAL","2461","28.1","66.2","0","0","0","0","AI abnormality detected: joint damage","Isolate the affected conveyor section when operationally safe and perform targeted joint/belt inspection."
"2026-09-08T11:24:10.784208","AI Vision / Joint Inspection","Joint 5","joint_damage","40.4","NORMAL","2428","28.1","68.5","0","0","0","0","AI abnormality detected: joint damage","Isolate the affected conveyor section when operationally safe and perform targeted joint/belt inspection."
"2026-09-08T11:24:09.176338","AI Vision / Joint Inspection","Joint 4","joint_damage","40.4","NORMAL","2397","28.1","68.5","0","0","0","0","AI abnormality detected: joint damage","Isolate the affected conveyor section when operationally safe and perform targeted joint/belt inspection."
"2026-09-08T11:24:07.668258","AI Vision / Joint Inspection","Joint 3","joint_damage","40.4","NORMAL","2368","28.1","68.8","0","0","0","0","AI abnormality detected: joint damage","Isolate the affected conveyor section when operationally safe and perform targeted joint/belt inspection."
"2026-09-08T11:24:05.894934","AI Vision / Joint Inspection","Joint 2","joint_damage","40.4","NORMAL","2339","28.1","68.8","0","0","2723","0","AI abnormality detected: joint damage","Isolate the affected conveyor section when operationally safe and perform targeted joint/belt inspection."
"2026-09-08T11:24:04.289241","AI Vision / Joint Inspection","Joint 1","joint_damage","40.4","NORMAL","2303","14","161","0","0","0","0","AI abnormality detected: joint damage","Isolate the affected conveyor section when operationally safe and perform targeted joint/belt inspection."
"2026-09-08T11:24:02.836320","AI Vision / Joint Inspection","Joint 5","joint_damage","40.4","NORMAL","2273","14","161","0","0","79","0","AI abnormality detected: joint damage","Isolate the affected conveyor section when operationally safe and perform targeted joint/belt inspection."
"2026-09-08T11:24:01.023322","AI Vision / Joint Inspection","Joint 4","joint_damage","40.4","NORMAL","2245","14","163.1","0","0","0","0","AI abnormality detected: joint damage","Isolate the affected conveyor section when operationally safe and perform targeted joint/belt inspection."
"2026-09-08T11:24:00.074979","AI Vision / Joint Inspection","Joint 3","joint_damage","40.4","NORMAL","2225","14","163.1","0","0","0","0","AI abnormality detected: joint damage","Isolate the affected conveyor section when operationally safe and perform targeted joint/belt inspection."
"2026-09-08T11:23:32.408521","AI Vision / Joint Inspection","Joint 5","joint_damage","26.0","NORMAL","1665","28.1","69.9","0","0","0","0","AI abnormality detected: joint damage","Isolate the affected conveyor section when operationally safe and perform targeted joint/belt inspection."
"2026-09-08T11:23:31.811913","AI Vision / Joint Inspection","Joint 4","joint_damage","26.0","NORMAL","1644","28.1","70.7","0","0","0","0","AI abnormality detected: joint damage","Isolate the affected conveyor section when operationally safe and perform targeted joint/belt inspection."
"2026-09-08T11:23:29.676846","AI Vision / Joint Inspection","Joint 3","joint_damage","26.0","NORMAL","1604","28.1","69.1","0","0","0","0","AI abnormality detected: joint damage","Isolate the affected conveyor section when operationally safe and perform targeted joint/belt inspection."
"2026-09-08T11:23:28.501738","AI Vision / Joint Inspection","Joint 2","joint_damage","26.0","NORMAL","1575","28.1","69.1","0","0","0","0","AI abnormality detected: joint damage","Isolate the affected conveyor section when operationally safe and perform targeted joint/belt inspection."
"2026-09-08T11:23:26.721017","AI Vision / Joint Inspection","Joint 1","joint_damage","26.0","NORMAL","1554","28.1","69.5","0","0","0","0","AI abnormality detected: joint damage","Isolate the affected conveyor section when operationally safe and perform targeted joint/belt inspection."
"2026-09-08T11:23:24.685747","AI Vision / Joint Inspection","Joint 5","joint_damage","29.6","NORMAL","1514","28.1","69.6","0","0","1103","0","AI abnormality detected: joint damage","Isolate the affected conveyor section when operationally safe and perform targeted joint/belt inspection."
"2026-09-08T11:23:23.898531","AI Vision / Joint Inspection","Joint 4","joint_damage","29.6","NORMAL","1493","28.1","69.6","0","0","1524","0","AI abnormality detected: joint damage","Isolate the affected conveyor section when operationally safe and perform targeted joint/belt inspection."
"2026-09-08T11:23:22.738003","AI Vision / Joint Inspection","Joint 3","joint_damage","29.6","NORMAL","1471","28.1","69.6","0","0","317","0","AI abnormality detected: joint damage","Isolate the affected conveyor section when operationally safe and perform targeted joint/belt inspection."
"2026-09-08T11:23:21.686514","AI Vision / Joint Inspection","Joint 2","joint_damage","29.6","NORMAL","1451","28.1","69.6","0","0","704","0","AI abnormality detected: joint damage","Isolate the affected conveyor section when operationally safe and perform targeted joint/belt inspection."
"2026-09-08T11:23:20.678366","AI Vision / Joint Inspection","Joint 2","joint_damage","29.8","NORMAL","1430","28.1","70.6","0","0","759","0","AI abnormality detected: joint damage","Isolate the affected conveyor section when operationally safe and perform targeted joint/belt inspection."
"2026-09-08T11:23:18.936692","AI Vision / Joint Inspection","Joint 1","joint_damage","29.8","NORMAL","1390","28.1","69.6","0","0","0","0","AI abnormality detected: joint damage","Isolate the affected conveyor section when operationally safe and perform targeted joint/belt inspection."
"2026-09-08T11:23:17.823681","AI Vision / Joint Inspection","Joint 5","joint_damage","29.8","NORMAL","1370","28.1","69.6","0","0","0","0","AI abnormality detected: joint damage","Isolate the affected conveyor section when operationally safe and perform targeted joint/belt inspection."
"2026-09-08T11:23:17.275072","AI Vision / Joint Inspection","Joint 4","joint_damage","29.8","NORMAL","1348","28.1","69.1","0","0","0","0","AI abnormality detected: joint damage","Isolate the affected conveyor section when operationally safe and perform targeted joint/belt inspection."
"2026-09-08T11:23:16.924575","AI Vision / Joint Inspection","Joint 4","joint_damage","34.3","NORMAL","1348","28.1","69.1","0","0","0","0","AI abnormality detected: joint damage","Isolate the affected conveyor section when operationally safe and perform targeted joint/belt inspection."
"2026-09-08T11:23:14.319645","AI Vision / Joint Inspection","Joint 3","joint_damage","34.3","NORMAL","1304","28.1","71.3","0","0","0","0","AI abnormality detected: joint damage","Isolate the affected conveyor section when operationally safe and perform targeted joint/belt inspection."
"2026-09-08T11:23:13.700054","AI Vision / Joint Inspection","Joint 2","joint_damage","28.0","NORMAL","1282","28.1","71.3","0","0","1107","0","AI abnormality detected: joint damage","Isolate the affected conveyor section when operationally safe and perform targeted joint/belt inspection."
"2026-09-08T11:23:13.206347","AI Vision / Joint Inspection","Joint 1","joint_damage","28.0","NORMAL","1282","28.1","71.3","0","0","1107","0","AI abnormality detected: joint damage","Isolate the affected conveyor section when operationally safe and perform targeted joint/belt inspection."
"2026-09-08T11:23:12.488418","AI Vision / Joint Inspection","Joint 1","joint_damage","47.2","NORMAL","1261","28.1","71.3","0","0","0","0","AI abnormality detected: joint damage","Isolate the affected conveyor section when operationally safe and perform targeted joint/belt inspection."
"2026-09-08T11:23:08.766367","AI Vision / Joint Inspection","Joint 5","joint_damage","27.4","WARNING","1216","28.1","71.3","0","0","155","0","AI abnormality detected: joint damage; Warning condition recorded","Isolate the affected conveyor section when operationally safe and perform targeted joint/belt inspection."
"2026-09-08T11:23:03.349959","AI Vision / Joint Inspection","Joint 5","joint_damage","54.4","WARNING","1216","28","71.3","0","0","0","0","AI abnormality detected: joint damage; Warning condition recorded","Isolate the affected conveyor section when operationally safe and perform targeted joint/belt inspection."
"2026-09-08T11:23:02.887366","AI Vision / Joint Inspection","Joint 5","joint_damage","37.6","WARNING","1216","28","71.3","0","0","0","0","AI abnormality detected: joint damage; Warning condition recorded","Isolate the affected conveyor section when operationally safe and perform targeted joint/belt inspection."
"2026-09-08T11:22:59.710084","AI Vision / Joint Inspection","Joint 5","joint_damage","33.2","WARNING","1216","28.1","71.3","0","0","0","0","AI abnormality detected: joint damage; Warning condition recorded","Isolate the affected conveyor section when operationally safe and perform targeted joint/belt inspection."
"2026-09-08T11:22:58.731262","AI Vision / Joint Inspection","Joint 5","joint_damage","27.8","WARNING","1216","28","71.3","0","0","0","0","AI abnormality detected: joint damage; Warning condition recorded","Isolate the affected conveyor section when operationally safe and perform targeted joint/belt inspection."
"2026-09-08T11:22:56.547332","AI Vision / Joint Inspection","Joint 5","joint_damage","27.9","WARNING","1216","28.1","71.3","0","0","0","0","AI abnormality detected: joint damage; Warning condition recorded","Isolate the affected conveyor section when operationally safe and perform targeted joint/belt inspection."
"2026-09-08T11:22:55.266825","AI Vision / Joint Inspection","Joint 5","joint_damage","30.3","WARNING","1216","28.1","71.3","0","0","12","0","AI abnormality detected: joint damage; Warning condition recorded","Isolate the affected conveyor section when operationally safe and perform targeted joint/belt inspection."
"2026-09-08T11:22:54.397320","AI Vision / Joint Inspection","Joint 5","joint_damage","46.7","WARNING","1216","28","71.3","0","0","0","0","AI abnormality detected: joint damage; Warning condition recorded","Isolate the affected conveyor section when operationally safe and perform targeted joint/belt inspection."
"2026-09-08T11:22:53.609665","AI Vision / Joint Inspection","Joint 5","joint_damage","29.1","WARNING","1216","28","71.3","0","0","0","0","AI abnormality detected: joint damage; Warning condition recorded","Isolate the affected conveyor section when operationally safe and perform targeted joint/belt inspection."
"2026-09-08T11:22:51.322433","AI Vision / Joint Inspection","Joint 5","joint_damage","37.9","WARNING","1216","28","71.3","0","0","0","0","AI abnormality detected: joint damage; Warning condition recorded","Isolate the affected conveyor section when operationally safe and perform targeted joint/belt inspection."
"2026-09-08T11:22:50.473123","AI Vision / Joint Inspection","Joint 5","joint_damage","27.4","WARNING","1216","28.1","71.3","0","0","0","0","AI abnormality detected: joint damage; Warning condition recorded","Isolate the affected conveyor section when operationally safe and perform targeted joint/belt inspection."
"2026-09-08T11:22:48.965660","AI Vision / Joint Inspection","Joint 5","joint_damage","33.2","WARNING","1216","28","71.3","0","0","0","0","AI abnormality detected: joint damage; Warning condition recorded","Isolate the affected conveyor section when operationally safe and perform targeted joint/belt inspection."
"2026-09-08T11:22:47.248212","AI Vision / Joint Inspection","Joint 5","joint_damage","31.4","WARNING","1216","28","71.3","0","0","0","0","AI abnormality detected: joint damage; Warning condition recorded","Isolate the affected conveyor section when operationally safe and perform targeted joint/belt inspection."
"2026-09-08T11:22:46.601525","AI Vision / Joint Inspection","Joint 5","joint_damage","36.8","WARNING","1216","28","71.3","0","0","0","0","AI abnormality detected: joint damage; Warning condition recorded","Isolate the affected conveyor section when operationally safe and perform targeted joint/belt inspection."
"2026-09-08T11:22:45.495715","AI Vision / Joint Inspection","Joint 5","joint_damage","29.7","WARNING","1216","28","71.3","0","0","164","0","AI abnormality detected: joint damage; Warning condition recorded","Isolate the affected conveyor section when operationally safe and perform targeted joint/belt inspection."
"2026-09-08T11:22:44.553257","AI Vision / Joint Inspection","Joint 5","joint_damage","50.9","WARNING","1216","28","71.3","0","0","0","0","AI abnormality detected: joint damage; Warning condition recorded","Isolate the affected conveyor section when operationally safe and perform targeted joint/belt inspection."
"2026-09-08T11:22:44.007612","AI Vision / Joint Inspection","Joint 5","joint_damage","42.0","WARNING","1216","28","71.3","0","0","0","0","AI abnormality detected: joint damage; Warning condition recorded","Isolate the affected conveyor section when operationally safe and perform targeted joint/belt inspection."
"2026-09-08T11:22:43.331230","AI Vision / Joint Inspection","Joint 5","joint_damage","38.3","WARNING","1216","28","71.3","0","0","0","0","AI abnormality detected: joint damage; Warning condition recorded","Isolate the affected conveyor section when operationally safe and perform targeted joint/belt inspection."
"2026-09-08T11:22:42.297706","AI Vision / Joint Inspection","Joint 5","joint_damage","47.6","WARNING","1216","28","71.3","0","0","0","0","AI abnormality detected: joint damage; Warning condition recorded","Isolate the affected conveyor section when operationally safe and perform targeted joint/belt inspection."
"2026-09-08T11:22:41.520280","AI Vision / Joint Inspection","Joint 5","joint_damage","46.0","WARNING","1216","28","71.3","0","0","0","0","AI abnormality detected: joint damage; Warning condition recorded","Isolate the affected conveyor section when operationally safe and perform targeted joint/belt inspection."
"2026-09-08T11:22:40.682047","AI Vision / Joint Inspection","Joint 5","joint_damage","28.8","WARNING","1216","28","71.3","0","0","0","0","AI abnormality detected: joint damage; Warning condition recorded","Isolate the affected conveyor section when operationally safe and perform targeted joint/belt inspection."
"2026-09-08T10:19:34.944190","AI Vision / Joint Inspection","Joint 1","joint_damage","34.1","NORMAL","1216","28","71.4","0","0","0","0","AI abnormality detected: joint damage","Isolate the affected conveyor section when operationally safe and perform targeted joint/belt inspection."
"2026-09-08T10:19:29.818821","AI Vision / Joint Inspection","Joint 1","joint_damage","46.8","NORMAL","1216","28","71.4","0","0","0","0","AI abnormality detected: joint damage","Isolate the affected conveyor section when operationally safe and perform targeted joint/belt inspection."
"2026-09-08T10:19:24.705290","AI Vision / Joint Inspection","Joint 1","joint_damage","46.4","NORMAL","1216","28","71.4","0","0","0","0","AI abnormality detected: joint damage","Isolate the affected conveyor section when operationally safe and perform targeted joint/belt inspection."
"2026-09-08T10:18:57.427656","AI Vision / Joint Inspection","Joint 1","joint_damage","31.4","NORMAL","1216","28","71.4","0","0","0","0","AI abnormality detected: joint damage","Isolate the affected conveyor section when operationally safe and perform targeted joint/belt inspection."
"2026-09-08T10:18:56.430591","AI Vision / Joint Inspection","Joint 1","joint_damage","27.7","NORMAL","1216","28","71.4","0","0","0","0","AI abnormality detected: joint damage","Isolate the affected conveyor section when operationally safe and perform targeted joint/belt inspection."
"2026-09-08T10:18:55.700901","AI Vision / Joint Inspection","Joint 1","joint_damage","29.2","NORMAL","1216","28","71.4","0","0","0","0","AI abnormality detected: joint damage","Isolate the affected conveyor section when operationally safe and perform targeted joint/belt inspection."
"2026-09-08T10:18:55.417302","AI Vision / Joint Inspection","Joint 1","joint_damage","30.7","NORMAL","1216","28","71.4","0","0","0","0","AI abnormality detected: joint damage","Isolate the affected conveyor section when operationally safe and perform targeted joint/belt inspection."
"2026-09-08T10:18:54.705556","AI Vision / Joint Inspection","Joint 1","joint_damage","34.9","NORMAL","1216","28","71.4","0","0","0","0","AI abnormality detected: joint damage","Isolate the affected conveyor section when operationally safe and perform targeted joint/belt inspection."
"2026-09-08T10:18:54.412177","AI Vision / Joint Inspection","Joint 1","joint_damage","26.6","NORMAL","1216","28","71.4","0","0","0","0","AI abnormality detected: joint damage","Isolate the affected conveyor section when operationally safe and perform targeted joint/belt inspection."
"2026-09-08T10:18:53.421270","AI Vision / Joint Inspection","Joint 1","joint_damage","33.3","NORMAL","1216","28","71.4","0","0","0","0","AI abnormality detected: joint damage","Isolate the affected conveyor section when operationally safe and perform targeted joint/belt inspection."
"2026-09-08T10:18:52.521720","AI Vision / Joint Inspection","Joint 1","joint_damage","25.9","NORMAL","1216","28","71.4","0","0","0","0","AI abnormality detected: joint damage","Isolate the affected conveyor section when operationally safe and perform targeted joint/belt inspection."
"2026-09-08T10:18:52.263871","AI Vision / Joint Inspection","Joint 1","joint_damage","28.7","NORMAL","1216","28","71.4","0","0","0","0","AI abnormality detected: joint damage","Isolate the affected conveyor section when operationally safe and perform targeted joint/belt inspection."
"2026-09-08T10:18:51.421554","AI Vision / Joint Inspection","Joint 1","joint_damage","31.6","NORMAL","1216","28","71.4","0","0","0","0","AI abnormality detected: joint damage","Isolate the affected conveyor section when operationally safe and perform targeted joint/belt inspection."
"2026-09-08T10:18:49.002361","AI Vision / Joint Inspection","Joint 1","joint_damage","28.2","NORMAL","1216","28","71.4","0","0","0","0","AI abnormality detected: joint damage","Isolate the affected conveyor section when operationally safe and perform targeted joint/belt inspection."
"2026-09-08T10:18:48.515192","AI Vision / Joint Inspection","Joint 1","joint_damage","28.1","NORMAL","1216","28","71.4","0","0","0","0","AI abnormality detected: joint damage","Isolate the affected conveyor section when operationally safe and perform targeted joint/belt inspection."
"2026-09-08T10:18:44.464281","AI Vision / Joint Inspection","Joint 1","joint_damage","26.5","NORMAL","1216","28","71.4","0","0","0","0","AI abnormality detected: joint damage","Isolate the affected conveyor section when operationally safe and perform targeted joint/belt inspection."
"2026-09-08T10:18:41.623636","AI Vision / Joint Inspection","Joint 1","joint_damage","41.5","NORMAL","1216","28","71.4","0","0","0","0","AI abnormality detected: joint damage","Isolate the affected conveyor section when operationally safe and perform targeted joint/belt inspection."
"2026-09-08T10:18:40.990787","AI Vision / Joint Inspection","Joint 1","joint_damage","28.3","NORMAL","1216","28","71.4","0","0","0","0","AI abnormality detected: joint damage","Isolate the affected conveyor section when operationally safe and perform targeted joint/belt inspection."
"2026-09-08T10:18:36.640386","AI Vision / Joint Inspection","Joint 1","joint_damage","32.0","NORMAL","1216","28","71.4","0","0","0","0","AI abnormality detected: joint damage","Isolate the affected conveyor section when operationally safe and perform targeted joint/belt inspection."
"2026-09-08T10:18:36.408833","AI Vision / Joint Inspection","Joint 1","joint_damage","30.3","NORMAL","1216","28","71.4","0","0","0","0","AI abnormality detected: joint damage","Isolate the affected conveyor section when operationally safe and perform targeted joint/belt inspection."
"2026-09-08T10:18:30.416342","AI Vision / Joint Inspection","Joint 1","joint_damage","27.0","NORMAL","1216","28","71.4","0","0","0","0","AI abnormality detected: joint damage","Isolate the affected conveyor section when operationally safe and perform targeted joint/belt inspection."
"2026-09-08T10:18:29.415593","AI Vision / Joint Inspection","Joint 1","joint_damage","32.6","NORMAL","1216","28","71.4","0","0","0","0","AI abnormality detected: joint damage","Isolate the affected conveyor section when operationally safe and perform targeted joint/belt inspection."
"2026-09-08T10:18:27.391660","AI Vision / Joint Inspection","Joint 1","joint_damage","36.2","NORMAL","1216","28","71.4","0","0","0","0","AI abnormality detected: joint damage","Isolate the affected conveyor section when operationally safe and perform targeted joint/belt inspection."
"2026-09-08T10:17:19.133832","AI Vision / Joint Inspection","Joint 1","joint_damage","26.7","NORMAL","1216","28","71.4","0","0","0","0","AI abnormality detected: joint damage","Isolate the affected conveyor section when operationally safe and perform targeted joint/belt inspection."
"2026-09-08T10:17:17.669064","AI Vision / Joint Inspection","Joint 1","joint_damage","26.7","NORMAL","1216","28","71.4","0","0","0","0","AI abnormality detected: joint damage","Isolate the affected conveyor section when operationally safe and perform targeted joint/belt inspection."
"2026-09-08T10:17:07.709312","AI Vision / Joint Inspection","Joint 1","joint_damage","45.3","NORMAL","1216","28","71.4","0","0","0","0","AI abnormality detected: joint damage","Isolate the affected conveyor section when operationally safe and perform targeted joint/belt inspection."
"2026-09-08T10:17:00.912809","AI Vision / Joint Inspection","Joint 1","joint_damage","47.4","NORMAL","1216","28","71.4","0","0","0","0","AI abnormality detected: joint damage","Isolate the affected conveyor section when operationally safe and perform targeted joint/belt inspection."
"2026-09-08T10:16:53.566978","AI Vision / Joint Inspection","Joint 1","joint_damage","33.3","NORMAL","1216","28","71.4","0","0","0","0","AI abnormality detected: joint damage","Isolate the affected conveyor section when operationally safe and perform targeted joint/belt inspection."
"2026-09-08T10:16:50.305807","AI Vision / Joint Inspection","Joint 1","joint_damage","31.5","NORMAL","1216","28","71.4","0","0","0","0","AI abnormality detected: joint damage","Isolate the affected conveyor section when operationally safe and perform targeted joint/belt inspection."
"2026-09-08T10:16:47.222073","AI Vision / Joint Inspection","Joint 1","joint_damage","39.3","NORMAL","1216","28","71.4","0","0","0","0","AI abnormality detected: joint damage","Isolate the affected conveyor section when operationally safe and perform targeted joint/belt inspection."
"2026-09-08T10:16:45.264606","AI Vision / Joint Inspection","Joint 1","joint_damage","28.9","NORMAL","1216","28","71.4","0","0","0","0","AI abnormality detected: joint damage","Isolate the affected conveyor section when operationally safe and perform targeted joint/belt inspection."
"2026-09-08T10:16:44.605083","AI Vision / Joint Inspection","Joint 1","joint_damage","35.2","NORMAL","1216","28","71.4","0","0","0","0","AI abnormality detected: joint damage","Isolate the affected conveyor section when operationally safe and perform targeted joint/belt inspection."
"2026-09-08T10:16:43.096187","AI Vision / Joint Inspection","Joint 1","joint_damage","34.6","NORMAL","1216","28","71.4","0","0","0","0","AI abnormality detected: joint damage","Isolate the affected conveyor section when operationally safe and perform targeted joint/belt inspection."
"2026-09-08T10:16:42.431030","AI Vision / Joint Inspection","Joint 1","joint_damage","45.9","NORMAL","1216","28","71.4","0","0","0","0","AI abnormality detected: joint damage","Isolate the affected conveyor section when operationally safe and perform targeted joint/belt inspection."
"2026-09-08T10:16:41.738274","AI Vision / Joint Inspection","Joint 1","joint_damage","42.0","NORMAL","1216","28","71.4","0","0","0","0","AI abnormality detected: joint damage","Isolate the affected conveyor section when operationally safe and perform targeted joint/belt inspection."
"2026-09-08T10:16:41.050808","AI Vision / Joint Inspection","Joint 1","joint_damage","32.9","NORMAL","1216","28","71.4","0","0","0","0","AI abnormality detected: joint damage","Isolate the affected conveyor section when operationally safe and perform targeted joint/belt inspection."
"2026-09-08T10:16:39.806642","AI Vision / Joint Inspection","Joint 1","joint_damage","29.3","NORMAL","1216","28","71.4","0","0","0","0","AI abnormality detected: joint damage","Isolate the affected conveyor section when operationally safe and perform targeted joint/belt inspection."
"2026-09-08T10:16:39.267790","AI Vision / Joint Inspection","Joint 1","joint_damage","29.4","NORMAL","1216","28","71.4","0","0","0","0","AI abnormality detected: joint damage","Isolate the affected conveyor section when operationally safe and perform targeted joint/belt inspection."
"2026-09-08T10:16:37.534028","AI Vision / Joint Inspection","Joint 1","joint_damage","25.7","NORMAL","1216","28","71.4","0","0","0","0","AI abnormality detected: joint damage","Isolate the affected conveyor section when operationally safe and perform targeted joint/belt inspection."
"2026-09-08T10:16:36.255026","AI Vision / Joint Inspection","Joint 1","joint_damage","31.3","NORMAL","1216","28","71.4","0","0","0","0","AI abnormality detected: joint damage","Isolate the affected conveyor section when operationally safe and perform targeted joint/belt inspection."
"2026-09-08T10:16:35.862538","AI Vision / Joint Inspection","Joint 1","joint_damage","27.3","WARNING","1216","28","71.4","0","0","0","0","AI abnormality detected: joint damage; Warning condition recorded","Isolate the affected conveyor section when operationally safe and perform targeted joint/belt inspection."
"2026-09-08T10:16:34.584638","AI Vision / Joint Inspection","Joint 1","joint_damage","33.2","WARNING","1216","28","71.4","0","0","0","0","AI abnormality detected: joint damage; Warning condition recorded","Isolate the affected conveyor section when operationally safe and perform targeted joint/belt inspection."
"2026-09-08T10:16:33.140037","AI Vision / Joint Inspection","Joint 1","joint_damage","30.1","WARNING","1216","28","71.4","0","0","0","0","AI abnormality detected: joint damage; Warning condition recorded","Isolate the affected conveyor section when operationally safe and perform targeted joint/belt inspection."
"2026-09-08T10:16:32.621263","AI Vision / Joint Inspection","Joint 1","joint_damage","26.7","WARNING","1216","28","71.4","0","0","0","0","AI abnormality detected: joint damage; Warning condition recorded","Isolate the affected conveyor section when operationally safe and perform targeted joint/belt inspection."
"2026-09-08T10:16:31.737081","AI Vision / Joint Inspection","Joint 1","joint_damage","35.6","WARNING","1216","28","71.4","0","0","0","0","AI abnormality detected: joint damage; Warning condition recorded","Isolate the affected conveyor section when operationally safe and perform targeted joint/belt inspection."
"2026-09-08T10:16:30.399622","AI Vision / Joint Inspection","Joint 1","joint_damage","38.9","WARNING","1216","28","71.4","0","0","0","0","AI abnormality detected: joint damage; Warning condition recorded","Isolate the affected conveyor section when operationally safe and perform targeted joint/belt inspection."
"2026-09-08T10:16:25.792139","AI Vision / Joint Inspection","Joint 1","joint_damage","57.9","WARNING","1216","28","71.4","0","0","0","0","AI abnormality detected: joint damage; Warning condition recorded","Isolate the affected conveyor section when operationally safe and perform targeted joint/belt inspection."
"2026-09-08T10:16:23.731953","AI Vision / Joint Inspection","Joint 1","joint_damage","38.1","WARNING","1216","28","71.4","0","0","0","0","AI abnormality detected: joint damage; Warning condition recorded","Isolate the affected conveyor section when operationally safe and perform targeted joint/belt inspection."
"2026-09-08T10:16:21.400789","AI Vision / Joint Inspection","Joint 1","joint_damage","55.0","WARNING","1216","28","71.4","0","0","0","0","AI abnormality detected: joint damage; Warning condition recorded","Isolate the affected conveyor section when operationally safe and perform targeted joint/belt inspection."
"2026-09-08T10:16:20.032037","AI Vision / Joint Inspection","Joint 1","joint_damage","48.1","WARNING","1216","28","71.4","0","0","0","0","AI abnormality detected: joint damage; Warning condition recorded","Isolate the affected conveyor section when operationally safe and perform targeted joint/belt inspection."
"2026-09-08T10:16:16.549410","AI Vision / Joint Inspection","Joint 1","joint_damage","35.3","WARNING","1216","28","71.4","0","0","0","0","AI abnormality detected: joint damage; Warning condition recorded","Isolate the affected conveyor section when operationally safe and perform targeted joint/belt inspection."
"2026-09-08T10:16:16.531407","AI Vision / Joint Inspection","Joint 1","joint_damage","48.8","WARNING","1216","28","71.4","0","0","0","0","AI abnormality detected: joint damage; Warning condition recorded","Isolate the affected conveyor section when operationally safe and perform targeted joint/belt inspection."
"2026-09-08T10:16:10.731890","AI Vision / Joint Inspection","Joint 1","joint_damage","43.2","NORMAL","1216","28","71.4","0","0","0","0","AI abnormality detected: joint damage","Isolate the affected conveyor section when operationally safe and perform targeted joint/belt inspection."
"2026-09-08T10:16:08.767203","AI Vision / Joint Inspection","Joint 1","joint_damage","44.9","NORMAL","1216","28","71.4","0","0","0","0","AI abnormality detected: joint damage","Isolate the affected conveyor section when operationally safe and perform targeted joint/belt inspection."
"2026-09-08T10:16:06.833737","AI Vision / Joint Inspection","Joint 1","joint_damage","44.0","NORMAL","1216","28","71.4","0","0","0","0","AI abnormality detected: joint damage","Isolate the affected conveyor section when operationally safe and perform targeted joint/belt inspection."
"2026-09-08T10:16:06.099776","AI Vision / Joint Inspection","Joint 1","joint_damage","41.3","NORMAL","1216","28","71.4","0","0","0","0","AI abnormality detected: joint damage","Isolate the affected conveyor section when operationally safe and perform targeted joint/belt inspection."
"2026-09-08T10:16:05.102544","AI Vision / Joint Inspection","Joint 1","joint_damage","41.7","NORMAL","1216","28","71.4","0","0","0","0","AI abnormality detected: joint damage","Isolate the affected conveyor section when operationally safe and perform targeted joint/belt inspection."
"2026-09-08T10:09:23.623317","AI Vision / Joint Inspection","Joint 1","joint_damage","25.4","NORMAL","1216","28","71.4","0","0","0","0","AI abnormality detected: joint damage","Isolate the affected conveyor section when operationally safe and perform targeted joint/belt inspection."
"2026-09-08T10:08:33.039729","AI Vision / Joint Inspection","Joint 1","joint_damage","43.1","NORMAL","1216","28","71.4","0","0","0","0","AI abnormality detected: joint damage","Isolate the affected conveyor section when operationally safe and perform targeted joint/belt inspection."
"2026-09-08T10:08:24.234534","AI Vision / Joint Inspection","Joint 1","joint_damage","27.4","NORMAL","1216","28","71.4","0","0","0","0","AI abnormality detected: joint damage","Isolate the affected conveyor section when operationally safe and perform targeted joint/belt inspection."
"2026-09-08T10:08:22.653285","AI Vision / Joint Inspection","Joint 1","joint_damage","34.5","NORMAL","1216","28","71.4","0","0","0","0","AI abnormality detected: joint damage","Isolate the affected conveyor section when operationally safe and perform targeted joint/belt inspection."
"2026-09-08T10:08:03.901403","AI Vision / Joint Inspection","Joint 1","joint_damage","48.8","NORMAL","1216","28","71.4","0","0","0","0","AI abnormality detected: joint damage","Isolate the affected conveyor section when operationally safe and perform targeted joint/belt inspection."
"2026-09-08T10:07:03.358847","AI Vision / Joint Inspection","Joint 1","joint_damage","26.0","NORMAL","1216","28","71.4","0","0","0","0","AI abnormality detected: joint damage","Isolate the affected conveyor section when operationally safe and perform targeted joint/belt inspection."
"2026-09-08T10:03:38.164532","AI Vision / Joint Inspection","Joint 1","joint_damage","34.5","NORMAL","1216","28","71.4","0","0","0","0","AI abnormality detected: joint damage","Isolate the affected conveyor section when operationally safe and perform targeted joint/belt inspection."
"2026-09-08T10:03:30.053513","AI Vision / Joint Inspection","Joint 1","joint_damage","30.2","NORMAL","1216","28","71.4","0","0","0","0","AI abnormality detected: joint damage","Isolate the affected conveyor section when operationally safe and perform targeted joint/belt inspection."
"2026-09-08T10:03:00.895676","AI Vision / Joint Inspection","Joint 1","joint_damage","25.9","WARNING","1216","28","71.4","0","0","0","0","AI abnormality detected: joint damage; Warning condition recorded","Isolate the affected conveyor section when operationally safe and perform targeted joint/belt inspection."
"2026-09-08T10:02:56.078536","AI Vision / Joint Inspection","Joint 1","joint_damage","61.6","WARNING","1216","28","71.4","0","0","0","0","AI abnormality detected: joint damage; Warning condition recorded","Isolate the affected conveyor section when operationally safe and perform targeted joint/belt inspection."
"2026-09-08T10:02:50.913392","AI Vision / Joint Inspection","Joint 1","joint_damage","26.3","WARNING","1216","28","71.4","0","0","0","0","AI abnormality detected: joint damage; Warning condition recorded","Isolate the affected conveyor section when operationally safe and perform targeted joint/belt inspection."
"2026-09-08T10:02:39.840072","AI Vision / Joint Inspection","Joint 1","joint_damage","40.1","NORMAL","1216","28","71.4","0","0","0","0","AI abnormality detected: joint damage","Isolate the affected conveyor section when operationally safe and perform targeted joint/belt inspection."
"2026-09-08T10:02:38.268192","AI Vision / Joint Inspection","Joint 1","joint_damage","28.9","NORMAL","1216","28","71.4","0","0","0","0","AI abnormality detected: joint damage","Isolate the affected conveyor section when operationally safe and perform targeted joint/belt inspection."
"2026-09-08T10:02:37.535402","AI Vision / Joint Inspection","Joint 1","joint_damage","37.5","NORMAL","1216","28","71.4","0","0","0","0","AI abnormality detected: joint damage","Isolate the affected conveyor section when operationally safe and perform targeted joint/belt inspection."
"2026-09-08T10:02:13.352564","AI Vision / Joint Inspection","Joint 1","joint_damage","39.6","WARNING","1216","28","71.4","0","0","0","0","AI abnormality detected: joint damage; Warning condition recorded","Isolate the affected conveyor section when operationally safe and perform targeted joint/belt inspection."
"2026-09-08T10:02:11.879870","AI Vision / Joint Inspection","Joint 1","joint_damage","37.8","WARNING","1216","28","71.4","0","0","0","0","AI abnormality detected: joint damage; Warning condition recorded","Isolate the affected conveyor section when operationally safe and perform targeted joint/belt inspection."
"2026-09-08T10:02:04.533424","AI Vision / Joint Inspection","Joint 1","joint_damage","55.5","WARNING","1216","28","71.4","0","0","0","0","AI abnormality detected: joint damage; Warning condition recorded","Isolate the affected conveyor section when operationally safe and perform targeted joint/belt inspection."
"2026-09-08T10:02:04.393593","AI Vision / Joint Inspection","Joint 1","joint_damage","46.6","WARNING","1216","28","71.4","0","0","0","0","AI abnormality detected: joint damage; Warning condition recorded","Isolate the affected conveyor section when operationally safe and perform targeted joint/belt inspection."
"2026-09-08T10:01:51.913431","AI Vision / Joint Inspection","Joint 1","joint_damage","27.0","NORMAL","1216","28","71.4","0","0","0","0","AI abnormality detected: joint damage","Isolate the affected conveyor section when operationally safe and perform targeted joint/belt inspection."
"2026-09-08T10:01:48.072858","AI Vision / Joint Inspection","Joint 1","joint_damage","30.4","NORMAL","1216","28","71.4","0","0","0","0","AI abnormality detected: joint damage","Isolate the affected conveyor section when operationally safe and perform targeted joint/belt inspection."
"2026-09-08T10:01:46.086596","AI Vision / Joint Inspection","Joint 1","joint_damage","31.9","WARNING","1216","28","71.4","0","0","0","0","AI abnormality detected: joint damage; Warning condition recorded","Isolate the affected conveyor section when operationally safe and perform targeted joint/belt inspection."
"2026-09-08T10:01:44.062161","AI Vision / Joint Inspection","Joint 1","joint_damage","36.7","WARNING","1216","28","71.4","0","0","0","0","AI abnormality detected: joint damage; Warning condition recorded","Isolate the affected conveyor section when operationally safe and perform targeted joint/belt inspection."
"2026-09-08T10:01:43.081537","AI Vision / Joint Inspection","Joint 1","joint_damage","27.4","WARNING","1216","28","71.4","0","0","0","0","AI abnormality detected: joint damage; Warning condition recorded","Isolate the affected conveyor section when operationally safe and perform targeted joint/belt inspection."
"2026-09-08T10:01:42.088384","AI Vision / Joint Inspection","Joint 1","joint_damage","38.6","WARNING","1216","28","71.4","0","0","0","0","AI abnormality detected: joint damage; Warning condition recorded","Isolate the affected conveyor section when operationally safe and perform targeted joint/belt inspection."
"2026-09-08T10:01:40.081876","AI Vision / Joint Inspection","Joint 1","joint_damage","35.5","WARNING","1216","28","71.4","0","0","0","0","AI abnormality detected: joint damage; Warning condition recorded","Isolate the affected conveyor section when operationally safe and perform targeted joint/belt inspection."
"2026-09-08T10:01:39.060918","AI Vision / Joint Inspection","Joint 1","joint_damage","29.6","WARNING","1216","28","71.4","0","0","0","0","AI abnormality detected: joint damage; Warning condition recorded","Isolate the affected conveyor section when operationally safe and perform targeted joint/belt inspection."
"2026-09-08T10:01:38.065122","AI Vision / Joint Inspection","Joint 1","joint_damage","34.9","WARNING","1216","28","71.4","0","0","0","0","AI abnormality detected: joint damage; Warning condition recorded","Isolate the affected conveyor section when operationally safe and perform targeted joint/belt inspection."
"2026-09-08T10:01:38.062118","AI Vision / Joint Inspection","Joint 1","joint_damage","33.1","WARNING","1216","28","71.4","0","0","0","0","AI abnormality detected: joint damage; Warning condition recorded","Isolate the affected conveyor section when operationally safe and perform targeted joint/belt inspection."
"2026-09-08T10:01:37.062541","AI Vision / Joint Inspection","Joint 1","joint_damage","58.6","WARNING","1216","28","71.4","0","0","0","0","AI abnormality detected: joint damage; Warning condition recorded","Isolate the affected conveyor section when operationally safe and perform targeted joint/belt inspection."
"2026-09-08T10:01:35.079028","AI Vision / Joint Inspection","Joint 1","joint_damage","52.8","WARNING","1216","28","71.4","0","0","0","0","AI abnormality detected: joint damage; Warning condition recorded","Isolate the affected conveyor section when operationally safe and perform targeted joint/belt inspection."
"2026-09-08T10:01:34.573039","AI Vision / Joint Inspection","Joint 1","joint_damage","31.3","WARNING","1216","28","71.4","0","0","0","0","AI abnormality detected: joint damage; Warning condition recorded","Isolate the affected conveyor section when operationally safe and perform targeted joint/belt inspection."
"2026-09-08T10:01:20.375769","AI Vision / Joint Inspection","Joint 1","joint_damage","36.1","NORMAL","1216","28","71.4","0","0","0","0","AI abnormality detected: joint damage","Isolate the affected conveyor section when operationally safe and perform targeted joint/belt inspection."
"2026-09-08T10:00:32.323282","AI Vision / Joint Inspection","Joint 1","joint_damage","41.5","NORMAL","1216","28","71.4","0","0","0","0","AI abnormality detected: joint damage","Isolate the affected conveyor section when operationally safe and perform targeted joint/belt inspection."
"2026-09-08T10:00:31.742098","AI Vision / Joint Inspection","Joint 1","joint_damage","46.8","NORMAL","1216","28","71.4","0","0","0","0","AI abnormality detected: joint damage","Isolate the affected conveyor section when operationally safe and perform targeted joint/belt inspection."
"2026-09-08T10:00:31.583209","AI Vision / Joint Inspection","Joint 1","joint_damage","35.0","NORMAL","1216","28","71.4","0","0","0","0","AI abnormality detected: joint damage","Isolate the affected conveyor section when operationally safe and perform targeted joint/belt inspection."
"2026-09-08T10:00:29.830580","AI Vision / Joint Inspection","Joint 1","joint_damage","32.7","NORMAL","1216","28","71.4","0","0","0","0","AI abnormality detected: joint damage","Isolate the affected conveyor section when operationally safe and perform targeted joint/belt inspection."
"2026-09-08T10:00:28.550489","AI Vision / Joint Inspection","Joint 1","joint_damage","28.2","NORMAL","1216","28","71.4","0","0","0","0","AI abnormality detected: joint damage","Isolate the affected conveyor section when operationally safe and perform targeted joint/belt inspection."
"2026-09-08T10:00:27.718459","AI Vision / Joint Inspection","Joint 1","joint_damage","40.7","NORMAL","1216","28","71.4","0","0","0","0","AI abnormality detected: joint damage","Isolate the affected conveyor section when operationally safe and perform targeted joint/belt inspection."
"2026-09-08T10:00:26.767775","AI Vision / Joint Inspection","Joint 1","joint_damage","35.1","NORMAL","1216","28","71.4","0","0","0","0","AI abnormality detected: joint damage","Isolate the affected conveyor section when operationally safe and perform targeted joint/belt inspection."
"2026-09-08T10:00:25.546205","AI Vision / Joint Inspection","Joint 1","joint_damage","41.4","NORMAL","1216","28","71.4","0","0","0","0","AI abnormality detected: joint damage","Isolate the affected conveyor section when operationally safe and perform targeted joint/belt inspection."
"2026-09-08T10:00:24.796885","AI Vision / Joint Inspection","Joint 1","joint_damage","33.4","NORMAL","1216","28","71.4","0","0","0","0","AI abnormality detected: joint damage","Isolate the affected conveyor section when operationally safe and perform targeted joint/belt inspection."
"2026-09-08T10:00:24.653117","AI Vision / Joint Inspection","Joint 1","joint_damage","26.0","NORMAL","1216","28","71.4","0","0","0","0","AI abnormality detected: joint damage","Isolate the affected conveyor section when operationally safe and perform targeted joint/belt inspection."
"2026-09-08T10:00:19.776936","AI Vision / Joint Inspection","Joint 1","joint_damage","45.6","NORMAL","1216","28","71.4","0","0","0","0","AI abnormality detected: joint damage","Isolate the affected conveyor section when operationally safe and perform targeted joint/belt inspection."
"2026-09-08T10:00:17.904635","AI Vision / Joint Inspection","Joint 1","joint_damage","39.3","NORMAL","1216","28","71.4","0","0","0","0","AI abnormality detected: joint damage","Isolate the affected conveyor section when operationally safe and perform targeted joint/belt inspection."
"2026-09-08T10:00:10.984195","AI Vision / Joint Inspection","Joint 1","joint_damage","32.0","WARNING","1216","28","71.4","0","0","0","0","AI abnormality detected: joint damage; Warning condition recorded","Isolate the affected conveyor section when operationally safe and perform targeted joint/belt inspection."
"2026-09-08T10:00:10.872257","AI Vision / Joint Inspection","Joint 1","joint_damage","42.3","WARNING","1216","28","71.4","0","0","0","0","AI abnormality detected: joint damage; Warning condition recorded","Isolate the affected conveyor section when operationally safe and perform targeted joint/belt inspection."
"2026-09-08T10:00:06.042914","AI Vision / Joint Inspection","Joint 1","joint_damage","50.7","WARNING","1216","28","71.4","0","0","0","0","AI abnormality detected: joint damage; Warning condition recorded","Isolate the affected conveyor section when operationally safe and perform targeted joint/belt inspection."
"2026-09-08T10:00:03.765416","AI Vision / Joint Inspection","Joint 1","joint_damage","33.4","WARNING","1216","28","71.4","0","0","0","0","AI abnormality detected: joint damage; Warning condition recorded","Isolate the affected conveyor section when operationally safe and perform targeted joint/belt inspection."
"2026-09-08T09:59:50.926741","AI Vision / Joint Inspection","Joint 1","joint_damage","27.7","NORMAL","1216","28","71.4","0","0","0","0","AI abnormality detected: joint damage","Isolate the affected conveyor section when operationally safe and perform targeted joint/belt inspection."
"2026-09-08T09:59:45.353108","AI Vision / Joint Inspection","Joint 1","joint_damage","37.4","NORMAL","1216","28","71.4","0","0","0","0","AI abnormality detected: joint damage","Isolate the affected conveyor section when operationally safe and perform targeted joint/belt inspection."
"2026-09-08T09:59:42.470368","AI Vision / Joint Inspection","Joint 1","joint_damage","27.3","NORMAL","1216","28","71.4","0","0","0","0","AI abnormality detected: joint damage","Isolate the affected conveyor section when operationally safe and perform targeted joint/belt inspection."
"2026-09-08T09:59:34.064841","AI Vision / Joint Inspection","Joint 1","joint_damage","33.4","NORMAL","1216","28","71.4","0","0","0","0","AI abnormality detected: joint damage","Isolate the affected conveyor section when operationally safe and perform targeted joint/belt inspection."
"2026-09-08T09:59:32.342611","AI Vision / Joint Inspection","Joint 1","joint_damage","35.4","NORMAL","1216","28","71.4","0","0","0","0","AI abnormality detected: joint damage","Isolate the affected conveyor section when operationally safe and perform targeted joint/belt inspection."
"2026-09-08T09:59:15.978423","AI Vision / Joint Inspection","Joint 1","joint_damage","32.9","NORMAL","1216","28","71.4","0","0","0","0","AI abnormality detected: joint damage","Isolate the affected conveyor section when operationally safe and perform targeted joint/belt inspection."
"2026-09-08T09:59:10.381605","AI Vision / Joint Inspection","Joint 1","joint_damage","48.0","NORMAL","1216","28","71.4","0","0","0","0","AI abnormality detected: joint damage","Isolate the affected conveyor section when operationally safe and perform targeted joint/belt inspection."
"2026-09-08T09:59:08.990828","AI Vision / Joint Inspection","Joint 1","joint_damage","31.7","NORMAL","1216","28","71.4","0","0","0","0","AI abnormality detected: joint damage","Isolate the affected conveyor section when operationally safe and perform targeted joint/belt inspection."
"2026-09-08T09:58:56.065422","AI Vision / Joint Inspection","Joint 1","joint_damage","44.0","NORMAL","1216","28","71.4","0","0","0","0","AI abnormality detected: joint damage","Isolate the affected conveyor section when operationally safe and perform targeted joint/belt inspection."
"2026-09-08T09:58:50.179835","AI Vision / Joint Inspection","Joint 1","joint_damage","38.9","NORMAL","1216","28","71.4","0","0","0","0","AI abnormality detected: joint damage","Isolate the affected conveyor section when operationally safe and perform targeted joint/belt inspection."
"2026-09-08T09:58:46.036881","AI Vision / Joint Inspection","Joint 1","joint_damage","25.3","NORMAL","1216","28","71.4","0","0","0","0","AI abnormality detected: joint damage","Isolate the affected conveyor section when operationally safe and perform targeted joint/belt inspection."
"2026-09-08T09:58:42.550698","AI Vision / Joint Inspection","Joint 1","joint_damage","39.4","NORMAL","1216","28","71.4","0","0","0","0","AI abnormality detected: joint damage","Isolate the affected conveyor section when operationally safe and perform targeted joint/belt inspection."
"2026-09-08T09:58:41.370249","AI Vision / Joint Inspection","Joint 1","joint_damage","34.3","NORMAL","1216","28","71.4","0","0","0","0","AI abnormality detected: joint damage","Isolate the affected conveyor section when operationally safe and perform targeted joint/belt inspection."
"2026-09-08T09:58:38.892458","AI Vision / Joint Inspection","Joint 1","joint_damage","26.2","NORMAL","1216","28","71.4","0","0","0","0","AI abnormality detected: joint damage","Isolate the affected conveyor section when operationally safe and perform targeted joint/belt inspection."
"2026-09-08T09:58:38.764704","AI Vision / Joint Inspection","Joint 1","joint_damage","42.3","NORMAL","1216","28","71.4","0","0","0","0","AI abnormality detected: joint damage","Isolate the affected conveyor section when operationally safe and perform targeted joint/belt inspection."
"2026-09-08T09:58:28.730173","AI Vision / Joint Inspection","Joint 1","joint_damage","42.7","WARNING","1216","28","71.4","0","0","0","0","AI abnormality detected: joint damage; Warning condition recorded","Isolate the affected conveyor section when operationally safe and perform targeted joint/belt inspection."
"2026-09-08T09:58:24.643514","AI Vision / Joint Inspection","Joint 1","joint_damage","37.4","WARNING","1216","28","71.4","0","0","0","0","AI abnormality detected: joint damage; Warning condition recorded","Isolate the affected conveyor section when operationally safe and perform targeted joint/belt inspection."
"2026-09-08T09:58:22.423492","AI Vision / Joint Inspection","Joint 1","joint_damage","30.3","WARNING","1216","28","71.4","0","0","0","0","AI abnormality detected: joint damage; Warning condition recorded","Isolate the affected conveyor section when operationally safe and perform targeted joint/belt inspection."
"2026-09-08T09:58:20.646101","AI Vision / Joint Inspection","Joint 1","joint_damage","50.3","WARNING","1216","28","71.4","0","0","0","0","AI abnormality detected: joint damage; Warning condition recorded","Isolate the affected conveyor section when operationally safe and perform targeted joint/belt inspection."
"2026-09-08T09:58:17.876109","AI Vision / Joint Inspection","Joint 1","joint_damage","50.2","WARNING","1216","28","71.4","0","0","0","0","AI abnormality detected: joint damage; Warning condition recorded","Isolate the affected conveyor section when operationally safe and perform targeted joint/belt inspection."
"2026-09-08T09:58:12.058516","AI Vision / Joint Inspection","Joint 1","joint_damage","57.8","WARNING","1216","28","71.4","0","0","0","0","AI abnormality detected: joint damage; Warning condition recorded","Isolate the affected conveyor section when operationally safe and perform targeted joint/belt inspection."
"2026-09-08T09:58:11.044078","AI Vision / Joint Inspection","Joint 1","joint_damage","47.3","WARNING","1216","28","71.4","0","0","0","0","AI abnormality detected: joint damage; Warning condition recorded","Isolate the affected conveyor section when operationally safe and perform targeted joint/belt inspection."
"2026-09-08T09:58:10.033768","AI Vision / Joint Inspection","Joint 1","joint_damage","47.8","WARNING","1216","28","71.4","0","0","0","0","AI abnormality detected: joint damage; Warning condition recorded","Isolate the affected conveyor section when operationally safe and perform targeted joint/belt inspection."
"2026-09-08T09:58:09.059737","AI Vision / Joint Inspection","Joint 1","joint_damage","57.3","WARNING","1216","28","71.4","0","0","0","0","AI abnormality detected: joint damage; Warning condition recorded","Isolate the affected conveyor section when operationally safe and perform targeted joint/belt inspection."
"2026-09-08T09:58:07.090721","AI Vision / Joint Inspection","Joint 1","joint_damage","43.2","WARNING","1216","28","71.4","0","0","0","0","AI abnormality detected: joint damage; Warning condition recorded","Isolate the affected conveyor section when operationally safe and perform targeted joint/belt inspection."
"2026-09-08T09:58:06.097307","AI Vision / Joint Inspection","Joint 1","joint_damage","44.0","WARNING","1216","28","71.4","0","0","0","0","AI abnormality detected: joint damage; Warning condition recorded","Isolate the affected conveyor section when operationally safe and perform targeted joint/belt inspection."
"2026-09-08T09:58:03.061349","AI Vision / Joint Inspection","Joint 1","joint_damage","56.7","WARNING","1216","28","71.4","0","0","0","0","AI abnormality detected: joint damage; Warning condition recorded","Isolate the affected conveyor section when operationally safe and perform targeted joint/belt inspection."
"2026-09-08T09:58:01.052123","AI Vision / Joint Inspection","Joint 1","joint_damage","55.0","WARNING","1216","28","71.4","0","0","0","0","AI abnormality detected: joint damage; Warning condition recorded","Isolate the affected conveyor section when operationally safe and perform targeted joint/belt inspection."
"2026-09-08T09:57:59.066593","AI Vision / Joint Inspection","Joint 1","joint_damage","61.0","WARNING","1216","28","71.4","0","0","0","0","AI abnormality detected: joint damage; Warning condition recorded","Isolate the affected conveyor section when operationally safe and perform targeted joint/belt inspection."
"2026-09-08T09:57:58.054138","AI Vision / Joint Inspection","Joint 1","joint_damage","32.6","WARNING","1216","28","71.4","0","0","0","0","AI abnormality detected: joint damage; Warning condition recorded","Isolate the affected conveyor section when operationally safe and perform targeted joint/belt inspection."
"2026-09-08T09:57:57.055665","AI Vision / Joint Inspection","Joint 1","joint_damage","42.0","WARNING","1216","28","71.4","0","0","0","0","AI abnormality detected: joint damage; Warning condition recorded","Isolate the affected conveyor section when operationally safe and perform targeted joint/belt inspection."
"2026-09-08T09:57:56.046646","AI Vision / Joint Inspection","Joint 1","joint_damage","43.0","WARNING","1216","28","71.4","0","0","0","0","AI abnormality detected: joint damage; Warning condition recorded","Isolate the affected conveyor section when operationally safe and perform targeted joint/belt inspection."
"2026-09-08T09:57:55.049165","AI Vision / Joint Inspection","Joint 1","joint_damage","42.9","WARNING","1216","28","71.4","0","0","0","0","AI abnormality detected: joint damage; Warning condition recorded","Isolate the affected conveyor section when operationally safe and perform targeted joint/belt inspection."
"2026-09-08T09:57:54.071843","AI Vision / Joint Inspection","Joint 1","joint_damage","34.9","WARNING","1216","28","71.4","0","0","0","0","AI abnormality detected: joint damage; Warning condition recorded","Isolate the affected conveyor section when operationally safe and perform targeted joint/belt inspection."
"2026-09-08T09:57:53.060237","AI Vision / Joint Inspection","Joint 1","joint_damage","41.4","WARNING","1216","28","71.4","0","0","0","0","AI abnormality detected: joint damage; Warning condition recorded","Isolate the affected conveyor section when operationally safe and perform targeted joint/belt inspection."
"2026-09-08T09:57:52.048670","AI Vision / Joint Inspection","Joint 1","joint_damage","46.3","WARNING","1216","28","71.4","0","0","0","0","AI abnormality detected: joint damage; Warning condition recorded","Isolate the affected conveyor section when operationally safe and perform targeted joint/belt inspection."
"2026-09-08T09:57:51.026276","AI Vision / Joint Inspection","Joint 1","joint_damage","51.2","WARNING","1216","28","71.4","0","0","0","0","AI abnormality detected: joint damage; Warning condition recorded","Isolate the affected conveyor section when operationally safe and perform targeted joint/belt inspection."
"2026-09-08T09:57:50.033568","AI Vision / Joint Inspection","Joint 1","joint_damage","42.9","WARNING","1216","28","71.4","0","0","0","0","AI abnormality detected: joint damage; Warning condition recorded","Isolate the affected conveyor section when operationally safe and perform targeted joint/belt inspection."
"2026-09-08T09:57:49.042290","AI Vision / Joint Inspection","Joint 1","joint_damage","51.4","WARNING","1216","28","71.4","0","0","0","0","AI abnormality detected: joint damage; Warning condition recorded","Isolate the affected conveyor section when operationally safe and perform targeted joint/belt inspection."
"2026-09-08T09:57:48.045811","AI Vision / Joint Inspection","Joint 1","joint_damage","52.7","WARNING","1216","28","71.4","0","0","0","0","AI abnormality detected: joint damage; Warning condition recorded","Isolate the affected conveyor section when operationally safe and perform targeted joint/belt inspection."
"2026-09-08T09:57:47.036967","AI Vision / Joint Inspection","Joint 1","joint_damage","46.9","WARNING","1216","28","71.4","0","0","0","0","AI abnormality detected: joint damage; Warning condition recorded","Isolate the affected conveyor section when operationally safe and perform targeted joint/belt inspection."
"2026-09-08T09:57:44.294193","AI Vision / Joint Inspection","Joint 1","joint_damage","27.1","WARNING","1216","28","71.4","0","0","0","0","AI abnormality detected: joint damage; Warning condition recorded","Isolate the affected conveyor section when operationally safe and perform targeted joint/belt inspection."
"2026-09-08T09:57:42.053517","AI Vision / Joint Inspection","Joint 1","joint_damage","34.7","WARNING","1216","28","71.4","0","0","0","0","AI abnormality detected: joint damage; Warning condition recorded","Isolate the affected conveyor section when operationally safe and perform targeted joint/belt inspection."
"2026-09-08T09:57:33.055009","AI Vision / Joint Inspection","Joint 1","joint_damage","58.6","WARNING","1216","28","71.4","0","0","0","0","AI abnormality detected: joint damage; Warning condition recorded","Isolate the affected conveyor section when operationally safe and perform targeted joint/belt inspection."
"2026-09-08T09:57:31.231982","AI Vision / Joint Inspection","Joint 1","joint_damage","86.2","WARNING","1216","28","71.4","0","0","0","0","AI abnormality detected: joint damage; Warning condition recorded","Isolate the affected conveyor section when operationally safe and perform targeted joint/belt inspection."
"2026-09-08T09:57:30.046790","AI Vision / Joint Inspection","Joint 1","joint_damage","88.2","WARNING","1216","28","71.4","0","0","0","0","AI abnormality detected: joint damage; Warning condition recorded","Isolate the affected conveyor section when operationally safe and perform targeted joint/belt inspection."
"2026-09-08T09:57:29.054515","AI Vision / Joint Inspection","Joint 1","joint_damage","92.9","WARNING","1216","28","71.4","0","0","0","0","AI abnormality detected: joint damage; Warning condition recorded","Isolate the affected conveyor section when operationally safe and perform targeted joint/belt inspection."
"2026-09-08T09:57:27.053082","AI Vision / Joint Inspection","Joint 1","joint_damage","91.9","WARNING","1216","28","71.4","0","0","0","0","AI abnormality detected: joint damage; Warning condition recorded","Isolate the affected conveyor section when operationally safe and perform targeted joint/belt inspection."
"2026-09-08T09:57:25.087518","AI Vision / Joint Inspection","Joint 1","joint_damage","93.9","WARNING","1216","28","71.4","0","0","0","0","AI abnormality detected: joint damage; Warning condition recorded","Isolate the affected conveyor section when operationally safe and perform targeted joint/belt inspection."
"2026-09-08T09:57:24.043180","AI Vision / Joint Inspection","Joint 1","joint_damage","95.0","WARNING","1216","28","71.4","0","0","0","0","AI abnormality detected: joint damage; Warning condition recorded","Isolate the affected conveyor section when operationally safe and perform targeted joint/belt inspection."
"2026-09-08T09:57:22.293308","AI Vision / Joint Inspection","Joint 1","joint_damage","95.1","WARNING","1216","28","71.4","0","0","0","0","AI abnormality detected: joint damage; Warning condition recorded","Isolate the affected conveyor section when operationally safe and perform targeted joint/belt inspection."
"2026-09-08T09:57:21.074658","AI Vision / Joint Inspection","Joint 1","joint_damage","93.0","WARNING","1216","28","71.4","0","0","0","0","AI abnormality detected: joint damage; Warning condition recorded","Isolate the affected conveyor section when operationally safe and perform targeted joint/belt inspection."
"2026-09-08T09:57:20.036937","AI Vision / Joint Inspection","Joint 1","joint_damage","43.0","WARNING","1216","28","71.4","0","0","0","0","AI abnormality detected: joint damage; Warning condition recorded","Isolate the affected conveyor section when operationally safe and perform targeted joint/belt inspection."
"2026-09-08T09:57:18.061165","AI Vision / Joint Inspection","Joint 1","joint_damage","74.9","WARNING","1216","28","71.4","0","0","0","0","AI abnormality detected: joint damage; Warning condition recorded","Isolate the affected conveyor section when operationally safe and perform targeted joint/belt inspection."
"2026-09-08T09:57:17.045335","AI Vision / Joint Inspection","Joint 1","joint_damage","74.4","WARNING","1216","28","71.4","0","0","0","0","AI abnormality detected: joint damage; Warning condition recorded","Isolate the affected conveyor section when operationally safe and perform targeted joint/belt inspection."
"2026-09-08T09:57:16.036222","AI Vision / Joint Inspection","Joint 1","joint_damage","42.4","WARNING","1216","28","71.4","0","0","0","0","AI abnormality detected: joint damage; Warning condition recorded","Isolate the affected conveyor section when operationally safe and perform targeted joint/belt inspection."
"2026-09-08T09:57:14.050138","AI Vision / Joint Inspection","Joint 1","joint_damage","57.0","WARNING","1216","28","71.4","0","0","0","0","AI abnormality detected: joint damage; Warning condition recorded","Isolate the affected conveyor section when operationally safe and perform targeted joint/belt inspection."
"2026-09-08T09:57:13.038856","AI Vision / Joint Inspection","Joint 1","joint_damage","58.4","WARNING","1216","28","71.4","0","0","0","0","AI abnormality detected: joint damage; Warning condition recorded","Isolate the affected conveyor section when operationally safe and perform targeted joint/belt inspection."
"2026-09-08T09:57:12.089215","AI Vision / Joint Inspection","Joint 1","joint_damage","80.4","WARNING","1216","28","71.4","0","0","0","0","AI abnormality detected: joint damage; Warning condition recorded","Isolate the affected conveyor section when operationally safe and perform targeted joint/belt inspection."
"2026-09-08T09:57:10.040554","AI Vision / Joint Inspection","Joint 1","joint_damage","83.7","WARNING","1216","28","71.4","0","0","0","0","AI abnormality detected: joint damage; Warning condition recorded","Isolate the affected conveyor section when operationally safe and perform targeted joint/belt inspection."
"2026-09-08T09:57:09.055160","AI Vision / Joint Inspection","Joint 1","joint_damage","87.5","WARNING","1216","28","71.4","0","0","0","0","AI abnormality detected: joint damage; Warning condition recorded","Isolate the affected conveyor section when operationally safe and perform targeted joint/belt inspection."
"2026-09-08T09:57:08.041543","AI Vision / Joint Inspection","Joint 1","joint_damage","85.5","WARNING","1216","28","71.4","0","0","0","0","AI abnormality detected: joint damage; Warning condition recorded","Isolate the affected conveyor section when operationally safe and perform targeted joint/belt inspection."
"2026-09-08T09:57:07.052765","AI Vision / Joint Inspection","Joint 1","joint_damage","84.4","WARNING","1216","28","71.4","0","0","0","0","AI abnormality detected: joint damage; Warning condition recorded","Isolate the affected conveyor section when operationally safe and perform targeted joint/belt inspection."
"2026-09-08T09:57:05.256573","AI Vision / Joint Inspection","Joint 1","joint_damage","84.5","WARNING","1216","28","71.4","0","0","0","0","AI abnormality detected: joint damage; Warning condition recorded","Isolate the affected conveyor section when operationally safe and perform targeted joint/belt inspection."
"2026-09-08T09:57:04.059009","AI Vision / Joint Inspection","Joint 1","joint_damage","86.6","WARNING","1216","28","71.4","0","0","0","0","AI abnormality detected: joint damage; Warning condition recorded","Isolate the affected conveyor section when operationally safe and perform targeted joint/belt inspection."
"2026-09-08T09:57:03.079490","AI Vision / Joint Inspection","Joint 1","joint_damage","64.6","WARNING","1216","28","71.4","0","0","0","0","AI abnormality detected: joint damage; Warning condition recorded","Isolate the affected conveyor section when operationally safe and perform targeted joint/belt inspection."
"2026-09-08T09:57:02.045926","AI Vision / Joint Inspection","Joint 1","joint_damage","63.2","WARNING","1216","28","71.4","0","0","0","0","AI abnormality detected: joint damage; Warning condition recorded","Isolate the affected conveyor section when operationally safe and perform targeted joint/belt inspection."
"2026-09-08T09:57:00.088852","AI Vision / Joint Inspection","Joint 1","joint_damage","55.1","WARNING","1216","28","71.4","0","0","0","0","AI abnormality detected: joint damage; Warning condition recorded","Isolate the affected conveyor section when operationally safe and perform targeted joint/belt inspection."
"2026-09-08T09:56:58.241181","AI Vision / Joint Inspection","Joint 1","joint_damage","59.2","WARNING","1216","28","71.4","0","0","0","0","AI abnormality detected: joint damage; Warning condition recorded","Isolate the affected conveyor section when operationally safe and perform targeted joint/belt inspection."
"2026-09-08T09:56:58.050409","AI Vision / Joint Inspection","Joint 1","joint_damage","60.1","WARNING","1216","28","71.4","0","0","0","0","AI abnormality detected: joint damage; Warning condition recorded","Isolate the affected conveyor section when operationally safe and perform targeted joint/belt inspection."
"2026-09-08T09:56:56.043366","AI Vision / Joint Inspection","Joint 1","joint_damage","72.5","WARNING","1216","28","71.4","0","0","0","0","AI abnormality detected: joint damage; Warning condition recorded","Isolate the affected conveyor section when operationally safe and perform targeted joint/belt inspection."
"2026-09-08T09:56:55.051506","AI Vision / Joint Inspection","Joint 1","joint_damage","74.8","WARNING","1216","28","71.4","0","0","0","0","AI abnormality detected: joint damage; Warning condition recorded","Isolate the affected conveyor section when operationally safe and perform targeted joint/belt inspection."
"2026-09-08T09:56:54.054102","AI Vision / Joint Inspection","Joint 1","joint_damage","70.1","WARNING","1216","28","71.4","0","0","0","0","AI abnormality detected: joint damage; Warning condition recorded","Isolate the affected conveyor section when operationally safe and perform targeted joint/belt inspection."
"2026-09-08T09:56:52.048879","AI Vision / Joint Inspection","Joint 1","joint_damage","87.4","WARNING","1216","28","71.4","0","0","0","0","AI abnormality detected: joint damage; Warning condition recorded","Isolate the affected conveyor section when operationally safe and perform targeted joint/belt inspection."
"2026-09-08T09:56:51.040244","AI Vision / Joint Inspection","Joint 1","joint_damage","79.3","WARNING","1216","28","71.4","0","0","0","0","AI abnormality detected: joint damage; Warning condition recorded","Isolate the affected conveyor section when operationally safe and perform targeted joint/belt inspection."
"2026-09-08T09:56:50.036547","AI Vision / Joint Inspection","Joint 1","joint_damage","79.1","WARNING","1216","28","71.4","0","0","0","0","AI abnormality detected: joint damage; Warning condition recorded","Isolate the affected conveyor section when operationally safe and perform targeted joint/belt inspection."
"2026-09-08T09:56:49.053075","AI Vision / Joint Inspection","Joint 1","joint_damage","71.9","WARNING","1216","28","71.4","0","0","0","0","AI abnormality detected: joint damage; Warning condition recorded","Isolate the affected conveyor section when operationally safe and perform targeted joint/belt inspection."
"2026-09-08T09:56:47.053835","AI Vision / Joint Inspection","Joint 1","joint_damage","74.7","WARNING","1216","28","71.4","0","0","0","0","AI abnormality detected: joint damage; Warning condition recorded","Isolate the affected conveyor section when operationally safe and perform targeted joint/belt inspection."
"2026-09-08T09:56:46.041576","AI Vision / Joint Inspection","Joint 1","joint_damage","76.3","WARNING","1216","28","71.4","0","0","0","0","AI abnormality detected: joint damage; Warning condition recorded","Isolate the affected conveyor section when operationally safe and perform targeted joint/belt inspection."
"2026-09-08T09:56:45.031883","AI Vision / Joint Inspection","Joint 1","joint_damage","66.9","WARNING","1216","28","71.4","0","0","0","0","AI abnormality detected: joint damage; Warning condition recorded","Isolate the affected conveyor section when operationally safe and perform targeted joint/belt inspection."
"2026-09-08T09:56:43.056947","AI Vision / Joint Inspection","Joint 1","joint_damage","70.4","WARNING","1216","28","71.4","0","0","0","0","AI abnormality detected: joint damage; Warning condition recorded","Isolate the affected conveyor section when operationally safe and perform targeted joint/belt inspection."
"2026-09-08T09:56:42.040386","AI Vision / Joint Inspection","Joint 1","joint_damage","91.4","WARNING","1216","28","71.4","0","0","0","0","AI abnormality detected: joint damage; Warning condition recorded","Isolate the affected conveyor section when operationally safe and perform targeted joint/belt inspection."
"2026-09-08T09:56:40.033451","AI Vision / Joint Inspection","Joint 1","joint_damage","79.5","WARNING","1216","28","71.4","0","0","0","0","AI abnormality detected: joint damage; Warning condition recorded","Isolate the affected conveyor section when operationally safe and perform targeted joint/belt inspection."
"2026-09-08T09:56:38.265517","AI Vision / Joint Inspection","Joint 1","joint_damage","60.8","WARNING","1216","28","71.4","0","0","0","0","AI abnormality detected: joint damage; Warning condition recorded","Isolate the affected conveyor section when operationally safe and perform targeted joint/belt inspection."
"2026-09-08T09:56:35.089766","AI Vision / Joint Inspection","Joint 1","joint_damage","71.4","WARNING","1216","28","71.4","0","0","0","0","AI abnormality detected: joint damage; Warning condition recorded","Isolate the affected conveyor section when operationally safe and perform targeted joint/belt inspection."
"2026-09-08T09:56:34.038746","AI Vision / Joint Inspection","Joint 1","joint_damage","60.5","WARNING","1216","28","71.4","0","0","0","0","AI abnormality detected: joint damage; Warning condition recorded","Isolate the affected conveyor section when operationally safe and perform targeted joint/belt inspection."
"2026-09-08T09:56:33.053706","AI Vision / Joint Inspection","Joint 1","joint_damage","51.6","WARNING","1216","28","71.4","0","0","0","0","AI abnormality detected: joint damage; Warning condition recorded","Isolate the affected conveyor section when operationally safe and perform targeted joint/belt inspection."
"2026-09-08T09:56:30.056797","AI Vision / Joint Inspection","Joint 1","joint_damage","64.5","WARNING","1216","28","71.4","0","0","0","0","AI abnormality detected: joint damage; Warning condition recorded","Isolate the affected conveyor section when operationally safe and perform targeted joint/belt inspection."
"2026-09-08T09:56:27.251859","AI Vision / Joint Inspection","Joint 1","joint_damage","72.7","WARNING","1216","28","71.4","0","0","0","0","AI abnormality detected: joint damage; Warning condition recorded","Isolate the affected conveyor section when operationally safe and perform targeted joint/belt inspection."
"2026-09-08T09:54:32.263288","AI Vision / Joint Inspection","Joint 1","joint_damage","53.2","WARNING","1216","28","71.4","0","0","0","0","AI abnormality detected: joint damage; Warning condition recorded","Isolate the affected conveyor section when operationally safe and perform targeted joint/belt inspection."
"2026-09-08T09:54:30.358095","AI Vision / Joint Inspection","Joint 1","joint_damage","64.4","WARNING","1216","28","71.4","0","0","0","0","AI abnormality detected: joint damage; Warning condition recorded","Isolate the affected conveyor section when operationally safe and perform targeted joint/belt inspection."
"2026-09-08T09:54:28.958054","AI Vision / Joint Inspection","Joint 1","joint_damage","64.9","WARNING","1216","28","71.4","0","0","0","0","AI abnormality detected: joint damage; Warning condition recorded","Isolate the affected conveyor section when operationally safe and perform targeted joint/belt inspection."
"2026-09-08T09:54:13.283122","AI Vision / Joint Inspection","Joint 1","joint_damage","68.0","WARNING","1216","28","71.4","0","0","0","0","AI abnormality detected: joint damage; Warning condition recorded","Isolate the affected conveyor section when operationally safe and perform targeted joint/belt inspection."
"2026-09-08T09:54:11.289035","AI Vision / Joint Inspection","Joint 1","joint_damage","72.1","WARNING","1216","28","71.4","0","0","0","0","AI abnormality detected: joint damage; Warning condition recorded","Isolate the affected conveyor section when operationally safe and perform targeted joint/belt inspection."
"2026-09-08T09:54:08.271524","AI Vision / Joint Inspection","Joint 1","joint_damage","46.3","WARNING","1216","28","71.4","0","0","0","0","AI abnormality detected: joint damage; Warning condition recorded","Isolate the affected conveyor section when operationally safe and perform targeted joint/belt inspection."
"2026-09-08T09:54:04.063670","AI Vision / Joint Inspection","Joint 1","joint_damage","49.6","WARNING","1216","28","71.4","0","0","0","0","AI abnormality detected: joint damage; Warning condition recorded","Isolate the affected conveyor section when operationally safe and perform targeted joint/belt inspection."
"2026-09-08T09:54:02.265164","AI Vision / Joint Inspection","Joint 1","joint_damage","31.2","WARNING","1216","28","71.4","0","0","0","0","AI abnormality detected: joint damage; Warning condition recorded","Isolate the affected conveyor section when operationally safe and perform targeted joint/belt inspection."
"2026-09-08T09:53:59.297189","AI Vision / Joint Inspection","Joint 1","joint_damage","40.9","WARNING","1216","28","71.4","0","0","0","0","AI abnormality detected: joint damage; Warning condition recorded","Isolate the affected conveyor section when operationally safe and perform targeted joint/belt inspection."
"2026-09-08T09:53:56.282829","AI Vision / Joint Inspection","Joint 1","joint_damage","56.8","WARNING","1216","28","71.4","0","0","0","0","AI abnormality detected: joint damage; Warning condition recorded","Isolate the affected conveyor section when operationally safe and perform targeted joint/belt inspection."
"2026-09-08T09:53:53.261541","AI Vision / Joint Inspection","Joint 1","joint_damage","45.1","WARNING","1216","28","71.4","0","0","0","0","AI abnormality detected: joint damage; Warning condition recorded","Isolate the affected conveyor section when operationally safe and perform targeted joint/belt inspection."
"2026-09-08T09:53:34.565866","AI Vision / Joint Inspection","Joint 1","joint_damage","74.7","WARNING","1216","28","71.4","0","0","0","0","AI abnormality detected: joint damage; Warning condition recorded","Isolate the affected conveyor section when operationally safe and perform targeted joint/belt inspection."
"2026-09-08T09:53:03.692767","AI Vision / Joint Inspection","Joint 1","joint_damage","26.1","NORMAL","1216","28","71.4","0","0","0","0","AI abnormality detected: joint damage","Isolate the affected conveyor section when operationally safe and perform targeted joint/belt inspection."
"2026-09-08T09:52:46.707690","AI Vision / Joint Inspection","Joint 1","joint_damage","48.9","NORMAL","1216","28","71.4","0","0","0","0","AI abnormality detected: joint damage","Isolate the affected conveyor section when operationally safe and perform targeted joint/belt inspection."
"2026-09-08T09:52:29.613607","AI Vision / Joint Inspection","Joint 1","joint_damage","59.4","WARNING","1216","28","71.4","0","0","0","0","AI abnormality detected: joint damage; Warning condition recorded","Isolate the affected conveyor section when operationally safe and perform targeted joint/belt inspection."
"2026-09-08T09:52:20.078069","AI Vision / Joint Inspection","Joint 1","joint_damage","34.3","WARNING","1216","28","71.4","0","0","0","0","AI abnormality detected: joint damage; Warning condition recorded","Isolate the affected conveyor section when operationally safe and perform targeted joint/belt inspection."
"2026-09-08T09:52:12.276869","AI Vision / Joint Inspection","Joint 1","joint_damage","44.6","NORMAL","1216","28","71.4","0","0","0","0","AI abnormality detected: joint damage","Isolate the affected conveyor section when operationally safe and perform targeted joint/belt inspection."
"2026-09-08T09:52:06.316102","AI Vision / Joint Inspection","Joint 1","joint_damage","49.3","WARNING","1216","28","71.4","0","0","0","0","AI abnormality detected: joint damage; Warning condition recorded","Isolate the affected conveyor section when operationally safe and perform targeted joint/belt inspection."
"2026-09-08T09:52:01.941411","AI Vision / Joint Inspection","Joint 1","joint_damage","56.0","WARNING","1216","28","71.4","0","0","0","0","AI abnormality detected: joint damage; Warning condition recorded","Isolate the affected conveyor section when operationally safe and perform targeted joint/belt inspection."
"2026-09-08T09:51:56.340770","AI Vision / Joint Inspection","Joint 1","joint_damage","39.0","WARNING","1216","28","71.4","0","0","0","0","AI abnormality detected: joint damage; Warning condition recorded","Isolate the affected conveyor section when operationally safe and perform targeted joint/belt inspection."
"2026-09-08T09:51:52.633419","AI Vision / Joint Inspection","Joint 1","joint_damage","49.2","WARNING","1216","28","71.4","0","0","0","0","AI abnormality detected: joint damage; Warning condition recorded","Isolate the affected conveyor section when operationally safe and perform targeted joint/belt inspection."
"2026-09-08T09:51:48.786201","AI Vision / Joint Inspection","Joint 1","joint_damage","35.7","NORMAL","1216","28","71.4","0","0","0","0","AI abnormality detected: joint damage","Isolate the affected conveyor section when operationally safe and perform targeted joint/belt inspection."
"2026-09-08T09:51:48.054207","AI Vision / Joint Inspection","Joint 1","joint_damage","37.5","NORMAL","1216","28","71.4","0","0","0","0","AI abnormality detected: joint damage","Isolate the affected conveyor section when operationally safe and perform targeted joint/belt inspection."
"2026-09-08T09:51:36.231274","AI Vision / Joint Inspection","Joint 1","joint_damage","32.7","NORMAL","1216","28","71.4","0","0","0","0","AI abnormality detected: joint damage","Isolate the affected conveyor section when operationally safe and perform targeted joint/belt inspection."
"2026-09-08T09:51:20.243055","AI Vision / Joint Inspection","Joint 1","joint_damage","48.2","WARNING","1216","28","71.4","0","0","0","0","AI abnormality detected: joint damage; Warning condition recorded","Isolate the affected conveyor section when operationally safe and perform targeted joint/belt inspection."
"2026-09-08T09:51:17.258473","AI Vision / Joint Inspection","Joint 1","joint_damage","50.5","WARNING","1216","28","71.4","0","0","0","0","AI abnormality detected: joint damage; Warning condition recorded","Isolate the affected conveyor section when operationally safe and perform targeted joint/belt inspection."
"2026-09-08T09:51:15.252971","AI Vision / Joint Inspection","Joint 1","joint_damage","54.4","WARNING","1216","28","71.4","0","0","0","0","AI abnormality detected: joint damage; Warning condition recorded","Isolate the affected conveyor section when operationally safe and perform targeted joint/belt inspection."
"2026-09-08T09:51:11.650774","AI Vision / Joint Inspection","Joint 1","joint_damage","50.3","WARNING","1216","28","71.4","0","0","0","0","AI abnormality detected: joint damage; Warning condition recorded","Isolate the affected conveyor section when operationally safe and perform targeted joint/belt inspection."
"2026-09-08T09:51:09.241799","AI Vision / Joint Inspection","Joint 1","joint_damage","44.3","WARNING","1216","28","71.4","0","0","0","0","AI abnormality detected: joint damage; Warning condition recorded","Isolate the affected conveyor section when operationally safe and perform targeted joint/belt inspection."
"2026-09-08T09:51:06.288441","AI Vision / Joint Inspection","Joint 1","joint_damage","55.9","WARNING","1216","28","71.4","0","0","0","0","AI abnormality detected: joint damage; Warning condition recorded","Isolate the affected conveyor section when operationally safe and perform targeted joint/belt inspection."
"2026-09-08T09:51:03.297486","AI Vision / Joint Inspection","Joint 1","joint_damage","55.2","WARNING","1216","28","71.4","0","0","0","0","AI abnormality detected: joint damage; Warning condition recorded","Isolate the affected conveyor section when operationally safe and perform targeted joint/belt inspection."
"2026-09-08T09:50:58.245198","AI Vision / Joint Inspection","Joint 1","joint_damage","50.1","WARNING","1216","28","71.4","0","0","0","0","AI abnormality detected: joint damage; Warning condition recorded","Isolate the affected conveyor section when operationally safe and perform targeted joint/belt inspection."
"2026-09-08T09:45:00.374863","AI Vision / Joint Inspection","Joint 1","joint_damage","39.7","NORMAL","1216","28","71.4","0","0","0","0","AI abnormality detected: joint damage","Isolate the affected conveyor section when operationally safe and perform targeted joint/belt inspection."
"2026-09-08T09:44:52.673269","AI Vision / Joint Inspection","Joint 1","joint_damage","34.7","NORMAL","1216","28","71.4","0","0","0","0","AI abnormality detected: joint damage","Isolate the affected conveyor section when operationally safe and perform targeted joint/belt inspection."
"2026-09-08T09:43:55.840942","AI Vision / Joint Inspection","Joint 1","joint_damage","36.1","NORMAL","1216","28","71.4","0","0","0","0","AI abnormality detected: joint damage","Isolate the affected conveyor section when operationally safe and perform targeted joint/belt inspection."
"2026-09-08T09:43:41.659821","AI Vision / Joint Inspection","Joint 1","joint_damage","26.5","NORMAL","1216","28","71.4","0","0","0","0","AI abnormality detected: joint damage","Isolate the affected conveyor section when operationally safe and perform targeted joint/belt inspection."
"2026-09-08T09:43:07.260116","AI Vision / Joint Inspection","Joint 1","joint_damage","77.5","WARNING","1216","28","71.4","0","0","0","0","AI abnormality detected: joint damage; Warning condition recorded","Isolate the affected conveyor section when operationally safe and perform targeted joint/belt inspection."
"2026-09-08T09:43:02.697336","AI Vision / Joint Inspection","Joint 1","joint_damage","61.6","WARNING","1216","28","71.4","0","0","0","0","AI abnormality detected: joint damage; Warning condition recorded","Isolate the affected conveyor section when operationally safe and perform targeted joint/belt inspection."
"2026-09-08T09:42:57.234532","AI Vision / Joint Inspection","Joint 1","joint_damage","66.0","WARNING","1216","28","71.4","0","0","0","0","AI abnormality detected: joint damage; Warning condition recorded","Isolate the affected conveyor section when operationally safe and perform targeted joint/belt inspection."
"2026-09-08T09:42:54.243565","AI Vision / Joint Inspection","Joint 1","joint_damage","60.6","WARNING","1216","28","71.4","0","0","0","0","AI abnormality detected: joint damage; Warning condition recorded","Isolate the affected conveyor section when operationally safe and perform targeted joint/belt inspection."
"2026-09-08T09:42:51.222063","AI Vision / Joint Inspection","Joint 1","joint_damage","65.6","WARNING","1216","28","71.4","0","0","0","0","AI abnormality detected: joint damage; Warning condition recorded","Isolate the affected conveyor section when operationally safe and perform targeted joint/belt inspection."